CLINICALLY_RELEVANT,VARIABLE_NAME,ICD_DX_CODE,ICD10_DX_DESC,MATCHED_TERMS,
TRUE,A1C,E0800,DIABETES MELLITUS DUE TO UNDERLYING CONDITION WITH COMPLICATIONS,DIABETES; DIABETES.*MELLITUS,
TRUE,A1C,E0801,,DIABETES; DIABETES.*MELLITUS,
TRUE,A1C,E0810,,DIABETES; DIABETES.*MELLITUS,
TRUE,A1C,E0821,,DIABETES; DIABETES.*MELLITUS; DIABETES.*WITH.*NEPHROPATHY,
TRUE,A1C,E0840,,DIABETES; DIABETES.*MELLITUS; DIABETES.*UNSPECIFIED; DIABETES.*WITH.*NEUROPATHY,
TRUE,A1C,E0842,,DIABETES; DIABETES.*MELLITUS; DIABETES.*WITH.*NEUROPATHY,
TRUE,A1C,E08621,,DIABETES; DIABETES.*MELLITUS,
TRUE,A1C,E08622,,DIABETES; DIABETES.*MELLITUS,
TRUE,A1C,E0865,,DIABETES; HYPERGLYCEMIA; DIABETES.*MELLITUS,
TRUE,A1C,E0869,,DIABETES; DIABETES.*MELLITUS,
TRUE,A1C,E088,,DIABETES; DIABETES.*MELLITUS; DIABETES.*UNSPECIFIED; DIABETES.*WITH.*COMPLICATIONS,
TRUE,A1C,E089,DIABETES MELLITUS DUE TO UNDERLYING CONDITION WITHOUT COMPLICATIONS,DIABETES; DIABETES.*MELLITUS; DIABETES.*WITH.*COMPLICATIONS; DIABETES.*WITHOUT.*COMPLICATIONS,
TRUE,A1C,E099,DRUG OR CHEMICAL INDUCED DIABETES MELLITUS WITHOUT COMPLICATIONS,DIABETES; DIABETES.*MELLITUS; DIABETES.*WITH.*COMPLICATIONS; DIABETES.*WITHOUT.*COMPLICATIONS,
TRUE,A1C,E1010,TYPE 1 DIABETES MELLITUS WITH COMPLICATION,DIABETES; TYPE.*1.*DIABETES; DIABETES.*MELLITUS; TYPE.*1.*DIABETES.*MELLITUS,
TRUE,A1C,E1029,,DIABETES; TYPE.*1.*DIABETES; DIABETES.*MELLITUS; TYPE.*1.*DIABETIC; TYPE.*1.*DIABETES.*MELLITUS,
TRUE,A1C,E103293,,DIABETES; TYPE.*1.*DIABETES; DIABETES.*MELLITUS; TYPE.*1.*DIABETIC; TYPE.*1.*DIABETES.*MELLITUS; DIABETES.*WITH.*RETINOPATHY,
TRUE,A1C,E103299,,DIABETES; TYPE.*1.*DIABETES; DIABETES.*MELLITUS; TYPE.*1.*DIABETIC; TYPE.*1.*DIABETES.*MELLITUS; DIABETES.*UNSPECIFIED; TYPE.*1.*DIABETES.*UNSPECIFIED; DIABETES.*WITH.*RETINOPATHY,
TRUE,A1C,E103312,,DIABETES; TYPE.*1.*DIABETES; DIABETES.*MELLITUS; TYPE.*1.*DIABETIC; TYPE.*1.*DIABETES.*MELLITUS; DIABETES.*WITH.*RETINOPATHY,
TRUE,A1C,E103391,,DIABETES; TYPE.*1.*DIABETES; DIABETES.*MELLITUS; TYPE.*1.*DIABETIC; TYPE.*1.*DIABETES.*MELLITUS; DIABETES.*WITH.*RETINOPATHY,
TRUE,A1C,E103493,,DIABETES; TYPE.*1.*DIABETES; DIABETES.*MELLITUS; TYPE.*1.*DIABETIC; TYPE.*1.*DIABETES.*MELLITUS; DIABETES.*WITH.*RETINOPATHY,
TRUE,A1C,E103511,,DIABETES; TYPE.*1.*DIABETES; DIABETES.*MELLITUS; TYPE.*1.*DIABETIC; TYPE.*1.*DIABETES.*MELLITUS; DIABETES.*WITH.*RETINOPATHY,
TRUE,A1C,E103591,,DIABETES; TYPE.*1.*DIABETES; DIABETES.*MELLITUS; TYPE.*1.*DIABETIC; TYPE.*1.*DIABETES.*MELLITUS; DIABETES.*WITH.*RETINOPATHY,
TRUE,A1C,E103592,,DIABETES; TYPE.*1.*DIABETES; DIABETES.*MELLITUS; TYPE.*1.*DIABETIC; TYPE.*1.*DIABETES.*MELLITUS; DIABETES.*WITH.*RETINOPATHY,
TRUE,A1C,E103593,,DIABETES; TYPE.*1.*DIABETES; DIABETES.*MELLITUS; TYPE.*1.*DIABETIC; TYPE.*1.*DIABETES.*MELLITUS; DIABETES.*WITH.*RETINOPATHY,
TRUE,A1C,E103599,,DIABETES; TYPE.*1.*DIABETES; DIABETES.*MELLITUS; TYPE.*1.*DIABETIC; TYPE.*1.*DIABETES.*MELLITUS; DIABETES.*UNSPECIFIED; TYPE.*1.*DIABETES.*UNSPECIFIED; DIABETES.*WITH.*RETINOPATHY,
TRUE,A1C,E1042,,DIABETES; TYPE.*1.*DIABETES; DIABETES.*MELLITUS; TYPE.*1.*DIABETIC; TYPE.*1.*DIABETES.*MELLITUS; DIABETES.*WITH.*NEUROPATHY,
TRUE,A1C,E1049,,DIABETES; TYPE.*1.*DIABETES; DIABETES.*MELLITUS; TYPE.*1.*DIABETIC; TYPE.*1.*DIABETES.*MELLITUS,
TRUE,A1C,E10610,,DIABETES; TYPE.*1.*DIABETES; DIABETES.*MELLITUS; TYPE.*1.*DIABETIC; TYPE.*1.*DIABETES.*MELLITUS,
TRUE,A1C,E10621,,DIABETES; TYPE.*1.*DIABETES; DIABETES.*MELLITUS; TYPE.*1.*DIABETES.*MELLITUS,
TRUE,A1C,E10628,,DIABETES; TYPE.*1.*DIABETES; DIABETES.*MELLITUS; TYPE.*1.*DIABETES.*MELLITUS; TYPE.*1.*DIABETES.*WITH.*COMPLICATIONS; DIABETES.*WITH.*COMPLICATIONS; TYPE.*1.*DIABETES.*WITH.*COMPLICATIONS,
TRUE,A1C,E10649,,DIABETES; TYPE.*1.*DIABETES; DIABETES.*MELLITUS; TYPE.*1.*DIABETES.*MELLITUS,
TRUE,A1C,E1065,,DIABETES; HYPERGLYCEMIA; TYPE.*1.*DIABETES; DIABETES.*MELLITUS; TYPE.*1.*DIABETES.*MELLITUS,
TRUE,A1C,E1069,,DIABETES; TYPE.*1.*DIABETES; DIABETES.*MELLITUS; TYPE.*1.*DIABETES.*MELLITUS,
TRUE,A1C,E108,,DIABETES; TYPE.*1.*DIABETES; DIABETES.*MELLITUS; TYPE.*1.*DIABETES.*MELLITUS; DIABETES.*UNSPECIFIED; TYPE.*1.*DIABETES.*WITH.*COMPLICATIONS; DIABETES.*WITH.*COMPLICATIONS; TYPE.*1.*DIABETES.*WITH.*COMPLICATIONS; TYPE.*1.*DIABETES.*UNSPECIFIED,
TRUE,A1C,E109,TYPE 1 DIABETES MELLITUS WITHOUT COMPLICATIONS,DIABETES; TYPE.*1.*DIABETES; DIABETES.*MELLITUS; TYPE.*1.*DIABETES.*MELLITUS; TYPE.*1.*DIABETES.*WITH.*COMPLICATIONS; DIABETES.*WITH.*COMPLICATIONS; DIABETES.*WITHOUT.*COMPLICATIONS; TYPE.*1.*DIABETES.*WITH.*COMPLICATIONS,
TRUE,A1C,E1100,TYPE 2 DIABETES MELLITUS WITH COMPLICATION,DIABETES; TYPE.*2.*DIABETES; DIABETES.*MELLITUS; TYPE.*2.*DIABETES.*MELLITUS,
TRUE,A1C,E1110,,DIABETES; TYPE.*2.*DIABETES; DIABETES.*MELLITUS; TYPE.*2.*DIABETES.*MELLITUS,
TRUE,A1C,E1121,,DIABETES; TYPE.*2.*DIABETES; DIABETES.*MELLITUS; TYPE.*2.*DIABETIC; TYPE.*2.*DIABETES.*MELLITUS; DIABETES.*WITH.*NEPHROPATHY,
TRUE,A1C,E1122,,DIABETES; TYPE.*2.*DIABETES; DIABETES.*MELLITUS; TYPE.*2.*DIABETIC; TYPE.*2.*DIABETES.*MELLITUS,
TRUE,A1C,E1129,,DIABETES; TYPE.*2.*DIABETES; DIABETES.*MELLITUS; TYPE.*2.*DIABETIC; TYPE.*2.*DIABETES.*MELLITUS,
TRUE,A1C,E11311,,DIABETES; TYPE.*2.*DIABETES; DIABETES.*MELLITUS; TYPE.*2.*DIABETIC; TYPE.*2.*DIABETES.*MELLITUS; DIABETES.*UNSPECIFIED; TYPE.*2.*DIABETES.*UNSPECIFIED; DIABETES.*WITH.*RETINOPATHY,
TRUE,A1C,E11319,,DIABETES; TYPE.*2.*DIABETES; DIABETES.*MELLITUS; TYPE.*2.*DIABETIC; TYPE.*2.*DIABETES.*MELLITUS; DIABETES.*UNSPECIFIED; TYPE.*2.*DIABETES.*UNSPECIFIED; DIABETES.*WITH.*RETINOPATHY,
TRUE,A1C,E113212,,DIABETES; TYPE.*2.*DIABETES; DIABETES.*MELLITUS; TYPE.*2.*DIABETIC; TYPE.*2.*DIABETES.*MELLITUS; DIABETES.*WITH.*RETINOPATHY,
TRUE,A1C,E113219,,DIABETES; TYPE.*2.*DIABETES; DIABETES.*MELLITUS; TYPE.*2.*DIABETIC; TYPE.*2.*DIABETES.*MELLITUS; DIABETES.*UNSPECIFIED; TYPE.*2.*DIABETES.*UNSPECIFIED; DIABETES.*WITH.*RETINOPATHY,
TRUE,A1C,E113291,,DIABETES; TYPE.*2.*DIABETES; DIABETES.*MELLITUS; TYPE.*2.*DIABETIC; TYPE.*2.*DIABETES.*MELLITUS; DIABETES.*WITH.*RETINOPATHY,
TRUE,A1C,E113293,,DIABETES; TYPE.*2.*DIABETES; DIABETES.*MELLITUS; TYPE.*2.*DIABETIC; TYPE.*2.*DIABETES.*MELLITUS; DIABETES.*WITH.*RETINOPATHY,
TRUE,A1C,E113299,,DIABETES; TYPE.*2.*DIABETES; DIABETES.*MELLITUS; TYPE.*2.*DIABETIC; TYPE.*2.*DIABETES.*MELLITUS; DIABETES.*UNSPECIFIED; TYPE.*2.*DIABETES.*UNSPECIFIED; DIABETES.*WITH.*RETINOPATHY,
TRUE,A1C,E113311,,DIABETES; TYPE.*2.*DIABETES; DIABETES.*MELLITUS; TYPE.*2.*DIABETIC; TYPE.*2.*DIABETES.*MELLITUS; DIABETES.*WITH.*RETINOPATHY,
TRUE,A1C,E113313,,DIABETES; TYPE.*2.*DIABETES; DIABETES.*MELLITUS; TYPE.*2.*DIABETIC; TYPE.*2.*DIABETES.*MELLITUS; DIABETES.*WITH.*RETINOPATHY,
TRUE,A1C,E113391,,DIABETES; TYPE.*2.*DIABETES; DIABETES.*MELLITUS; TYPE.*2.*DIABETIC; TYPE.*2.*DIABETES.*MELLITUS; DIABETES.*WITH.*RETINOPATHY,
TRUE,A1C,E113392,,DIABETES; TYPE.*2.*DIABETES; DIABETES.*MELLITUS; TYPE.*2.*DIABETIC; TYPE.*2.*DIABETES.*MELLITUS; DIABETES.*WITH.*RETINOPATHY,
TRUE,A1C,E113393,,DIABETES; TYPE.*2.*DIABETES; DIABETES.*MELLITUS; TYPE.*2.*DIABETIC; TYPE.*2.*DIABETES.*MELLITUS; DIABETES.*WITH.*RETINOPATHY,
TRUE,A1C,E113511,,DIABETES; TYPE.*2.*DIABETES; DIABETES.*MELLITUS; TYPE.*2.*DIABETIC; TYPE.*2.*DIABETES.*MELLITUS; DIABETES.*WITH.*RETINOPATHY,
TRUE,A1C,E113512,,DIABETES; TYPE.*2.*DIABETES; DIABETES.*MELLITUS; TYPE.*2.*DIABETIC; TYPE.*2.*DIABETES.*MELLITUS; DIABETES.*WITH.*RETINOPATHY,
TRUE,A1C,E113513,,DIABETES; TYPE.*2.*DIABETES; DIABETES.*MELLITUS; TYPE.*2.*DIABETIC; TYPE.*2.*DIABETES.*MELLITUS; DIABETES.*WITH.*RETINOPATHY,
TRUE,A1C,E113559,,DIABETES; TYPE.*2.*DIABETES; DIABETES.*MELLITUS; TYPE.*2.*DIABETIC; TYPE.*2.*DIABETES.*MELLITUS; DIABETES.*UNSPECIFIED; DIABETES.*MELLITUS.*STABLE; TYPE.*2.*DIABETES.*UNSPECIFIED; DIABETES.*WITH.*RETINOPATHY,
TRUE,A1C,E113592,,DIABETES; TYPE.*2.*DIABETES; DIABETES.*MELLITUS; TYPE.*2.*DIABETIC; TYPE.*2.*DIABETES.*MELLITUS; DIABETES.*WITH.*RETINOPATHY,
TRUE,A1C,E113593,,DIABETES; TYPE.*2.*DIABETES; DIABETES.*MELLITUS; TYPE.*2.*DIABETIC; TYPE.*2.*DIABETES.*MELLITUS; DIABETES.*WITH.*RETINOPATHY,
TRUE,A1C,E113599,,DIABETES; TYPE.*2.*DIABETES; DIABETES.*MELLITUS; TYPE.*2.*DIABETIC; TYPE.*2.*DIABETES.*MELLITUS; DIABETES.*UNSPECIFIED; TYPE.*2.*DIABETES.*UNSPECIFIED; DIABETES.*WITH.*RETINOPATHY,
TRUE,A1C,E1136,,DIABETES; TYPE.*2.*DIABETES; DIABETES.*MELLITUS; TYPE.*2.*DIABETIC; TYPE.*2.*DIABETES.*MELLITUS,
TRUE,A1C,E1140,,DIABETES; TYPE.*2.*DIABETES; DIABETES.*MELLITUS; TYPE.*2.*DIABETIC; TYPE.*2.*DIABETES.*MELLITUS; DIABETES.*UNSPECIFIED; TYPE.*2.*DIABETES.*UNSPECIFIED; DIABETES.*WITH.*NEUROPATHY,
TRUE,A1C,E1141,,DIABETES; TYPE.*2.*DIABETES; DIABETES.*MELLITUS; TYPE.*2.*DIABETIC; TYPE.*2.*DIABETES.*MELLITUS; DIABETES.*WITH.*NEUROPATHY,
TRUE,A1C,E1142,,DIABETES; TYPE.*2.*DIABETES; DIABETES.*MELLITUS; TYPE.*2.*DIABETIC; TYPE.*2.*DIABETES.*MELLITUS; DIABETES.*WITH.*NEUROPATHY,
TRUE,A1C,E1143,,DIABETES; TYPE.*2.*DIABETES; DIABETES.*MELLITUS; TYPE.*2.*DIABETIC; TYPE.*2.*DIABETES.*MELLITUS; DIABETES.*WITH.*NEUROPATHY,
TRUE,A1C,E1149,,DIABETES; TYPE.*2.*DIABETES; DIABETES.*MELLITUS; TYPE.*2.*DIABETIC; TYPE.*2.*DIABETES.*MELLITUS,
TRUE,A1C,E1159,,DIABETES; TYPE.*2.*DIABETES; DIABETES.*MELLITUS; TYPE.*2.*DIABETES.*MELLITUS; DIABETES.*WITH.*COMPLICATIONS; TYPE.*2.*DIABETES.*WITH.*COMPLICATIONS,
TRUE,A1C,E11610,,DIABETES; TYPE.*2.*DIABETES; DIABETES.*MELLITUS; TYPE.*2.*DIABETIC; TYPE.*2.*DIABETES.*MELLITUS,
TRUE,A1C,E11621,,DIABETES; TYPE.*2.*DIABETES; DIABETES.*MELLITUS; TYPE.*2.*DIABETES.*MELLITUS,
TRUE,A1C,E11622,,DIABETES; TYPE.*2.*DIABETES; DIABETES.*MELLITUS; TYPE.*2.*DIABETES.*MELLITUS,
TRUE,A1C,E11628,,DIABETES; TYPE.*2.*DIABETES; DIABETES.*MELLITUS; TYPE.*2.*DIABETES.*MELLITUS; DIABETES.*WITH.*COMPLICATIONS; TYPE.*2.*DIABETES.*WITH.*COMPLICATIONS,
TRUE,A1C,E11638,,DIABETES; TYPE.*2.*DIABETES; DIABETES.*MELLITUS; TYPE.*2.*DIABETES.*MELLITUS; DIABETES.*WITH.*COMPLICATIONS; TYPE.*2.*DIABETES.*WITH.*COMPLICATIONS,
TRUE,A1C,E11649,,DIABETES; TYPE.*2.*DIABETES; DIABETES.*MELLITUS; TYPE.*2.*DIABETES.*MELLITUS,
TRUE,A1C,E1165,,DIABETES; HYPERGLYCEMIA; TYPE.*2.*DIABETES; DIABETES.*MELLITUS; TYPE.*2.*DIABETES.*MELLITUS,
TRUE,A1C,E1169,,DIABETES; TYPE.*2.*DIABETES; DIABETES.*MELLITUS; TYPE.*2.*DIABETES.*MELLITUS,
TRUE,A1C,E118,,DIABETES; TYPE.*2.*DIABETES; DIABETES.*MELLITUS; TYPE.*2.*DIABETES.*MELLITUS; DIABETES.*UNSPECIFIED; DIABETES.*WITH.*COMPLICATIONS; TYPE.*2.*DIABETES.*WITH.*COMPLICATIONS; TYPE.*2.*DIABETES.*UNSPECIFIED,
TRUE,A1C,E119,TYPE 2 DIABETES MELLITUS WITHOUT COMPLICATIONS,DIABETES; TYPE.*2.*DIABETES; DIABETES.*MELLITUS; TYPE.*2.*DIABETES.*MELLITUS; DIABETES.*WITH.*COMPLICATIONS; DIABETES.*WITHOUT.*COMPLICATIONS; TYPE.*2.*DIABETES.*WITH.*COMPLICATIONS,
TRUE,A1C,E1340,OTHER SPECIFIED DIABETES MELLITUS WITH COMPLICATION,DIABETES; DIABETES.*MELLITUS; DIABETES.*UNSPECIFIED; DIABETES.*WITH.*NEUROPATHY,
TRUE,A1C,E13621,,DIABETES; DIABETES.*MELLITUS,
TRUE,A1C,E1365,,DIABETES; HYPERGLYCEMIA; DIABETES.*MELLITUS,
TRUE,A1C,E139,OTHER SPECIFIED DIABETES MELLITUS WITHOUT COMPLICATIONS,DIABETES; DIABETES.*MELLITUS; DIABETES.*WITH.*COMPLICATIONS; DIABETES.*WITHOUT.*COMPLICATIONS,
FALSE,A1C,E232,DIABETES INSIPIDUS,DIABETES,
TRUE,A1C,E8881,Metabolic syndrome and other insulin resistance,INSULIN.*RESISTANCE; METABOLIC.*SYNDROME,
TRUE,A1C,O24111,"PRE-EXISTING TYPE 2 DIABETES MELLITUS, IN PREGNANCY",DIABETES; TYPE.*2.*DIABETES; DIABETES.*MELLITUS; TYPE.*2.*DIABETES.*MELLITUS,
TRUE,A1C,O24112,,DIABETES; TYPE.*2.*DIABETES; DIABETES.*MELLITUS; TYPE.*2.*DIABETES.*MELLITUS,
TRUE,A1C,O24113,,DIABETES; TYPE.*2.*DIABETES; DIABETES.*MELLITUS; TYPE.*2.*DIABETES.*MELLITUS,
TRUE,A1C,O24119,,DIABETES; TYPE.*2.*DIABETES; DIABETES.*MELLITUS; TYPE.*2.*DIABETES.*MELLITUS; DIABETES.*UNSPECIFIED; TYPE.*2.*DIABETES.*UNSPECIFIED,
TRUE,A1C,O24311,"UNSPECIFIED PRE-EXISTING DIABETES MELLITUS IN PREGNANCY, FIRST TRIMESTER",DIABETES; DIABETES.*MELLITUS,
TRUE,A1C,O24410,"GESTATIONAL DIABETES MELLITUS IN PREGNANCY, DIET CONTROLLED",DIABETES; GESTATIONAL.*DIABETES; DIABETES.*MELLITUS,
TRUE,A1C,O24414,"GESTATIONAL DIABETES MELLITUS IN PREGNANCY, INSULIN CONTROLLED",DIABETES; GESTATIONAL.*DIABETES; DIABETES.*MELLITUS,
TRUE,A1C,O24419,"GESTATIONAL DIABETES MELLITUS IN PREGNANCY, UNSPECIFIED CONTROL",DIABETES; GESTATIONAL.*DIABETES; DIABETES.*MELLITUS; DIABETES.*UNSPECIFIED,
TRUE,A1C,O24911,UNSPECIFIED DIABETES MELLITUS IN PREGNANCY,DIABETES; DIABETES.*MELLITUS,
TRUE,A1C,O24912,,DIABETES; DIABETES.*MELLITUS,
TRUE,A1C,O24913,,DIABETES; DIABETES.*MELLITUS,
TRUE,A1C,O24919,,DIABETES; DIABETES.*MELLITUS; DIABETES.*UNSPECIFIED,
TRUE,A1C,O99810,ABNORMAL GLUCOSE COMPLICATING PREGNANCY,ABNORMAL.*GLUCOSE,
TRUE,A1C,R7302,IMPAIRED GLUCOSE TOLERANCE (ORAL),IMPAIRED.*GLUCOSE.*TOLERANCE,
TRUE,A1C,R7303,PREDIABETES,DIABETES; PREDIABETES; PREDIABETES,"A lot of pre-diabetics would have borderline HbA1C. Right on the cusp. Some normal, some marginally abnormal. They would be followed annually by serial HbA1C."
TRUE,A1C,R7309,OTHER ABNORMAL GLUCOSE,ABNORMAL.*GLUCOSE,For #99 and #100 we would NOT typically test for HbA1C unless the abnormal glucose has persisted for a few months and or the patient presents with very high glucose and or a complication. 
TRUE,A1C,R739,"HYPERGLYCEMIA, UNSPECIFIED",HYPERGLYCEMIA; HYPERGLYCEMIA.*UNSPECIFIED,
TRUE,A1C,Z131,ENCOUNTER FOR SCREENING FOR DIABETES MELLITUS,DIABETES; DIABETES.*MELLITUS,
FALSE,A1C,Z833,FAMILY HISTORY OF DIABETES MELLITUS,DIABETES; DIABETES.*MELLITUS,The family members yes but the individual would not necessarily be sampled for HbA1c unless there was another reason to check for diabetes. 
TRUE,A1C,Z8632,PERSONAL HISTORY OF GESTATIONAL DIABETES,DIABETES; GESTATIONAL.*DIABETES,
FALSE,ALB,E860,DEHYDRATION,DEHYDRATION,
TRUE,BMI,E6601,MORBID (SEVERE) OBESITY DUE TO EXCESS CALORIES,OBESITY; MORBID.*OBESITY; SEVERE.*OBESITY; OBESITY.*DUE.*TO.*EXCESS.*CALORIES,
TRUE,BMI,E6609,OTHER OBESITY DUE TO EXCESS CALORIES,OBESITY; OBESITY.*DUE.*TO.*EXCESS.*CALORIES,
TRUE,BMI,E663,OVERWEIGHT,OVERWEIGHT,
TRUE,BMI,E668,Other obesity,OBESITY,
TRUE,BMI,E669,"OBESITY, UNSPECIFIED",OBESITY,
FALSE,BMI,I119,HYPERTENSIVE HEART DISEASE WITHOUT HEART FAILURE,WITH.*HEART.*FAILURE,
TRUE,BMI,O2600,"EXCESSIVE WEIGHT GAIN IN PREGNANCY, UNSPECIFIED TRIMESTER",EXCESSIVE.*WEIGHT; EXCESSIVE.*WEIGHT.*GAIN; EXCESS.*WEIGHT; EXCESSIVE.*WEIGHT.*UNSPECIFIED,
TRUE,BMI,O99210,OBESITY COMPLICATING PREGNANCY,OBESITY,
TRUE,BMI,O99211,,OBESITY,
TRUE,BMI,O99212,,OBESITY,
TRUE,BMI,O99213,,OBESITY,
FALSE,BP_DIASTOLIC,G932,BENIGN INTRACRANIAL HYPERTENSION,HYPERTENSION; BENIGN.*HYPERTENSION,
FALSE,BP_DIASTOLIC,H40053,"OCULAR HYPERTENSION, BILATERAL",HYPERTENSION,
TRUE,BP_DIASTOLIC,I10,ESSENTIAL (PRIMARY) HYPERTENSION,HYPERTENSION; ESSENTIAL.*HYPERTENSION,
TRUE,BP_DIASTOLIC,I119,HYPERTENSIVE HEART DISEASE WITHOUT HEART FAILURE,HYPERTENSIVE.*HEART.*DISEASE; HYPERTENSIVE.*DISEASE,
TRUE,BP_DIASTOLIC,I120,HYPERTENSIVE CHRONIC KIDNEY DISEASE,HYPERTENSIVE.*RENAL.*DISEASE; HYPERTENSIVE.*DISEASE,
TRUE,BP_DIASTOLIC,I129,,HYPERTENSIVE.*DISEASE,
TRUE,BP_DIASTOLIC,I150,RENOVASCULAR HYPERTENSION,HYPERTENSION,
TRUE,BP_DIASTOLIC,I151,HYPERTENSION SECONDARY TO OTHER RENAL DISORDERS,HYPERTENSION,
TRUE,BP_DIASTOLIC,I152,HYPERTENSION SECONDARY TO ENDOCRINE DISORDERS,HYPERTENSION,
TRUE,BP_DIASTOLIC,I158,OTHER SECONDARY HYPERTENSION,HYPERTENSION; SECONDARY.*HYPERTENSION,
TRUE,BP_DIASTOLIC,I159,"SECONDARY HYPERTENSION, UNSPECIFIED",HYPERTENSION; SECONDARY.*HYPERTENSION; SECONDARY.*HYPERTENSION.*UNSPECIFIED,
TRUE,BP_DIASTOLIC,I160,HYPERTENSIVE URGENCY,HYPERTENSIVE.*URGENCY,
TRUE,BP_DIASTOLIC,I161,HYPERTENSIVE EMERGENCY,HYPERTENSIVE.*EMERGENCY,
FALSE,BP_DIASTOLIC,I2720,"PULMONARY HYPERTENSION, UNSPECIFIED",HYPERTENSION; PULMONARY.*HYPERTENSION,"Typically diagnosed with interventional cardiology, pulmonary pressures and echo findings. However, most pulm hypertensives are also having systemic hypertension where diastolic pressure could be high. So BP Diastolic is NOT specific for Pulm HTN. "
FALSE,BP_DIASTOLIC,I2729,OTHER SECONDARY PULMONARY HYPERTENSION,HYPERTENSION; SECONDARY.*HYPERTENSION; PULMONARY.*HYPERTENSION,Same comment as above 
FALSE,BP_DIASTOLIC,I87301,CHRONIC VENOUS HYPERTENSION (IDIOPATHIC) WITHOUT COMPLICATIONS,HYPERTENSION,
FALSE,BP_DIASTOLIC,I87303,,HYPERTENSION,
FALSE,BP_DIASTOLIC,I87309,,HYPERTENSION,
FALSE,BP_DIASTOLIC,I87322,CHRONIC VENOUS HYPERTENSION (IDIOPATHIC) WITH INFLAMMATION OF LEFT LOWER EXTREMITY,HYPERTENSION,
TRUE,BP_DIASTOLIC,O10012,PRE-EXISTING ESSENTIAL HYPERTENSION COMPLICATING PREGNANCY,HYPERTENSION; ESSENTIAL.*HYPERTENSION,
TRUE,BP_DIASTOLIC,O10013,,HYPERTENSION; ESSENTIAL.*HYPERTENSION,
TRUE,BP_DIASTOLIC,O10019,,HYPERTENSION; ESSENTIAL.*HYPERTENSION; ESSENTIAL.*HYPERTENSION.*UNSPECIFIED,
TRUE,BP_DIASTOLIC,O10911,UNSPECIFIED PRE-EXISTING HYPERTENSION COMPLICATING PREGNANCY,HYPERTENSION,
TRUE,BP_DIASTOLIC,O10913,,HYPERTENSION,
TRUE,BP_DIASTOLIC,O10919,,HYPERTENSION,
TRUE,BP_DIASTOLIC,O133,GESTATIONAL [PREGNANCY-INDUCED] HYPERTENSION WITHOUT SIGNIFICANT PROTEINURIA,HYPERTENSION,
TRUE,BP_DIASTOLIC,O139,,HYPERTENSION,
TRUE,BP_DIASTOLIC,O161,UNSPECIFIED MATERNAL HYPERTENSION,HYPERTENSION,
TRUE,BP_DIASTOLIC,O163,,HYPERTENSION,
TRUE,BP_DIASTOLIC,O165,,HYPERTENSION,
TRUE,BP_DIASTOLIC,R030,"ELEVATED BLOOD-PRESSURE READING, WITHOUT DIAGNOSIS OF HYPERTENSION",HYPERTENSION; ELEVATED.*BLOOD.*PRESSURE,
FALSE,BP_SYSTOLIC,G932,BENIGN INTRACRANIAL HYPERTENSION,HYPERTENSION; BENIGN.*HYPERTENSION,
FALSE,BP_SYSTOLIC,H40053,"OCULAR HYPERTENSION, BILATERAL",HYPERTENSION,
TRUE,BP_SYSTOLIC,I10,ESSENTIAL (PRIMARY) HYPERTENSION,HYPERTENSION; ESSENTIAL.*HYPERTENSION,
TRUE,BP_SYSTOLIC,I119,HYPERTENSIVE HEART DISEASE WITHOUT HEART FAILURE,HYPERTENSIVE.*HEART.*DISEASE; HYPERTENSIVE.*DISEASE,
TRUE,BP_SYSTOLIC,I120,HYPERTENSIVE CHRONIC KIDNEY DISEASE,HYPERTENSIVE.*RENAL.*DISEASE; HYPERTENSIVE.*DISEASE,
TRUE,BP_SYSTOLIC,I129,,HYPERTENSIVE.*DISEASE,
TRUE,BP_SYSTOLIC,I150,RENOVASCULAR HYPERTENSION,HYPERTENSION,
TRUE,BP_SYSTOLIC,I151,HYPERTENSION SECONDARY TO OTHER RENAL DISORDERS,HYPERTENSION,
TRUE,BP_SYSTOLIC,I152,HYPERTENSION SECONDARY TO ENDOCRINE DISORDERS,HYPERTENSION,
TRUE,BP_SYSTOLIC,I158,OTHER SECONDARY HYPERTENSION,HYPERTENSION; SECONDARY.*HYPERTENSION,
TRUE,BP_SYSTOLIC,I159,"SECONDARY HYPERTENSION, UNSPECIFIED",HYPERTENSION; SECONDARY.*HYPERTENSION; SECONDARY.*HYPERTENSION.*UNSPECIFIED,
TRUE,BP_SYSTOLIC,I160,HYPERTENSIVE URGENCY,HYPERTENSIVE.*URGENCY,
TRUE,BP_SYSTOLIC,I161,HYPERTENSIVE EMERGENCY,HYPERTENSIVE.*EMERGENCY,
FALSE,BP_SYSTOLIC,I2720,"PULMONARY HYPERTENSION, UNSPECIFIED",HYPERTENSION; PULMONARY.*HYPERTENSION,Same comments as Pulm HTN in diastolic pressures 
FALSE,BP_SYSTOLIC,I2729,OTHER SECONDARY PULMONARY HYPERTENSION,HYPERTENSION; SECONDARY.*HYPERTENSION; PULMONARY.*HYPERTENSION,
FALSE,BP_SYSTOLIC,I87301,CHRONIC VENOUS HYPERTENSION (IDIOPATHIC) WITHOUT COMPLICATIONS,HYPERTENSION,
FALSE,BP_SYSTOLIC,I87303,,HYPERTENSION,
FALSE,BP_SYSTOLIC,I87309,,HYPERTENSION,
FALSE,BP_SYSTOLIC,I87322,CHRONIC VENOUS HYPERTENSION (IDIOPATHIC) WITH INFLAMMATION OF LEFT LOWER EXTREMITY,HYPERTENSION,
TRUE,BP_SYSTOLIC,O10012,PRE-EXISTING ESSENTIAL HYPERTENSION COMPLICATING PREGNANCY,HYPERTENSION; ESSENTIAL.*HYPERTENSION,
TRUE,BP_SYSTOLIC,O10013,,HYPERTENSION; ESSENTIAL.*HYPERTENSION,
TRUE,BP_SYSTOLIC,O10019,,HYPERTENSION; ESSENTIAL.*HYPERTENSION; ESSENTIAL.*HYPERTENSION.*UNSPECIFIED,
TRUE,BP_SYSTOLIC,O10911,UNSPECIFIED PRE-EXISTING HYPERTENSION COMPLICATING PREGNANCY,HYPERTENSION,
TRUE,BP_SYSTOLIC,O10913,,HYPERTENSION,
TRUE,BP_SYSTOLIC,O10919,,HYPERTENSION,
TRUE,BP_SYSTOLIC,O133,GESTATIONAL [PREGNANCY-INDUCED] HYPERTENSION WITHOUT SIGNIFICANT PROTEINURIA,HYPERTENSION,
TRUE,BP_SYSTOLIC,O139,,HYPERTENSION,
TRUE,BP_SYSTOLIC,O161,UNSPECIFIED MATERNAL HYPERTENSION,HYPERTENSION,
TRUE,BP_SYSTOLIC,O163,,HYPERTENSION,
TRUE,BP_SYSTOLIC,O165,,HYPERTENSION,
TRUE,BP_SYSTOLIC,R030,"ELEVATED BLOOD-PRESSURE READING, WITHOUT DIAGNOSIS OF HYPERTENSION",HYPERTENSION; ELEVATED.*BLOOD.*PRESSURE,
TRUE,CHOL,E7800,"PURE HYPERCHOLESTEROLEMIA, UNSPECIFIED",HYPERCHOLESTEROLEMIA,
TRUE,CHOL,E78010,Homozygous familial hypercholesterolemia [HoFH],HYPERCHOLESTEROLEMIA,
TRUE,CHOL,E782,MIXED HYPERLIPIDEMIA,HYPERLIPIDEMIA,
TRUE,CHOL,E7849,OTHER HYPERLIPIDEMIA,HYPERLIPIDEMIA,
TRUE,CHOL,E785,"HYPERLIPIDEMIA, UNSPECIFIED",HYPERLIPIDEMIA,
TRUE,CHOL,Z8342,FAMILY HISTORY OF FAMILIAL HYPERCHOLESTEROLEMIA,HYPERCHOLESTEROLEMIA,
TRUE,CREAT_C,E0821,DIABETES MELLITUS DUE TO UNDERLYING CONDITION WITH DIABETIC NEPHROPATHY,NEPHROPATHY,
FALSE,CREAT_C,E1121,TYPE 2 DIABETES MELLITUS WITH DIABETIC NEPHROPATHY,NEPHROPATHY,
TRUE,CREAT_C,I120,HYPERTENSIVE CHRONIC KIDNEY DISEASE WITH STAGE 5 CHRONIC KIDNEY DISEASE OR END STAGE RENAL DISEASE,END.*STAGE.*RENAL.*DISEASE; CHRONIC.*KIDNEY.*DISEASE.*STAGE.*5; CHRONIC.*KIDNEY.*DISEASE.*STAGE.*5,
TRUE,CREAT_C,I129,"HYPERTENSIVE CHRONIC KIDNEY DISEASE WITH STAGE 1 THROUGH STAGE 4 CHRONIC KIDNEY DISEASE, OR UNSPECIFIED CHRONIC KIDNEY DISEASE",CHRONIC.*KIDNEY.*DISEASE.*STAGE.*1; CHRONIC.*KIDNEY.*DISEASE.*STAGE.*4,
FALSE,CREAT_C,M10371,GOUT DUE TO RENAL IMPAIRMENT,RENAL.*IMPAIRMENT,
FALSE,CREAT_C,M10372,,RENAL.*IMPAIRMENT,
FALSE,CREAT_C,M1A3710,"CHRONIC GOUT DUE TO RENAL IMPAIRMENT, RIGHT ANKLE AND FOOT, WITHOUT TOPHUS (TOPHI)",RENAL.*IMPAIRMENT,
TRUE,CREAT_C,N141,"Nephropathy induced by other drugs, medicaments and biological substances",NEPHROPATHY,
TRUE,CREAT_C,N170,ACUTE KIDNEY FAILURE WITH TUBULAR NECROSIS,KIDNEY.*FAILURE; ACUTE.*TUBULAR.*NECROSIS,
TRUE,CREAT_C,N179,"ACUTE KIDNEY FAILURE, UNSPECIFIED",KIDNEY.*FAILURE,
TRUE,CREAT_C,N181,CHRONIC KIDNEY DISEASE,CHRONIC.*KIDNEY.*DISEASE.*STAGE.*1,
TRUE,CREAT_C,N182,,CHRONIC.*KIDNEY.*DISEASE.*STAGE.*2; CHRONIC.*KIDNEY.*DISEASE.*MILD,
TRUE,CREAT_C,N1830,,CHRONIC.*KIDNEY.*DISEASE.*STAGE.*3,
TRUE,CREAT_C,N1830,,CHRONIC.*KIDNEY.*DISEASE.*STAGE.*3,
TRUE,CREAT_C,N1831,,CHRONIC.*KIDNEY.*DISEASE.*STAGE.*3,
TRUE,CREAT_C,N184,,CHRONIC.*KIDNEY.*DISEASE.*STAGE.*4; CHRONIC.*KIDNEY.*DISEASE.*SEVERE,
TRUE,CREAT_C,N185,,CHRONIC.*KIDNEY.*DISEASE.*STAGE.*5; CHRONIC.*KIDNEY.*DISEASE.*STAGE.*5,
TRUE,CREAT_C,N186,END STAGE RENAL DISEASE,END.*STAGE.*RENAL.*DISEASE,
TRUE,CRP,A029,"SALMONELLA INFECTION, UNSPECIFIED",INFECTION,Not specific for Salmonella. CRP is elevated in all infections ( inflammatory states)
TRUE,CRP,A040,ENTEROPATHOGENIC ESCHERICHIA COLI INFECTION,INFECTION,
TRUE,CRP,A048,OTHER SPECIFIED BACTERIAL INTESTINAL INFECTIONS,INFECTION; BACTERIAL.*INFECTION,
TRUE,CRP,A049,"BACTERIAL INTESTINAL INFECTION, UNSPECIFIED",INFECTION; BACTERIAL.*INFECTION,
TRUE,CRP,A084,"VIRAL INTESTINAL INFECTION, UNSPECIFIED",INFECTION; VIRAL.*INFECTION,
TRUE,CRP,A4101,SEPSIS DUE TO METHICILLIN SUSCEPTIBLE STAPHYLOCOCCUS AUREUS,SEPSIS,
TRUE,CRP,A419,"SEPSIS, UNSPECIFIED ORGANISM",SEPSIS,
TRUE,CRP,A499,"BACTERIAL INFECTION, UNSPECIFIED",INFECTION; BACTERIAL.*INFECTION,
TRUE,CRP,A549,"GONOCOCCAL INFECTION, UNSPECIFIED",INFECTION,
FALSE,CRP,A568,SEXUALLY TRANSMITTED CHLAMYDIAL INFECTION OF OTHER SITES,INFECTION,Never test CRP here 
FALSE,CRP,A6000,HERPESVIRAL INFECTION,INFECTION; VIRAL.*INFECTION,Never test CRP here 
FALSE,CRP,A6001,,INFECTION; VIRAL.*INFECTION,
FALSE,CRP,A6002,,INFECTION; VIRAL.*INFECTION,
FALSE,CRP,A6009,,INFECTION; VIRAL.*INFECTION,
FALSE,CRP,A601,,INFECTION; VIRAL.*INFECTION,
FALSE,CRP,A749,"CHLAMYDIAL INFECTION, UNSPECIFIED",INFECTION,Never test CRP here 
FALSE,CRP,B0089,OTHER HERPESVIRAL INFECTION,INFECTION; VIRAL.*INFECTION,
FALSE,CRP,B009,"HERPESVIRAL INFECTION, UNSPECIFIED",INFECTION; VIRAL.*INFECTION,Never test CRP here 
TRUE,CRP,B09,UNSPECIFIED VIRAL INFECTION CHARACTERIZED BY SKIN AND MUCOUS MEMBRANE LESIONS,INFECTION; VIRAL.*INFECTION,
TRUE,CRP,B348,OTHER VIRAL INFECTIONS OF UNSPECIFIED SITE,INFECTION; VIRAL.*INFECTION,
TRUE,CRP,B349,"VIRAL INFECTION, UNSPECIFIED",INFECTION; VIRAL.*INFECTION,
TRUE,CRP,B9561,METHICILLIN SUSCEPTIBLE STAPHYLOCOCCUS AUREUS INFECTION AS THE CAUSE OF DISEASES CLASSIFIED ELSEWHERE,INFECTION,
TRUE,CRP,B9562,METHICILLIN RESISTANT STAPHYLOCOCCUS AUREUS INFECTION AS THE CAUSE OF DISEASES CLASSIFIED ELSEWHERE,INFECTION,
TRUE,CRP,E790,HYPERURICEMIA WITHOUT SIGNS OF INFLAMMATORY ARTHRITIS AND TOPHACEOUS DISEASE,INFLAMMATORY.*ARTHRITIS; INFLAMMATORY.*DISEASE,
TRUE,CRP,J069,"ACUTE UPPER RESPIRATORY INFECTION, UNSPECIFIED",INFECTION,
TRUE,CRP,J22,UNSPECIFIED ACUTE LOWER RESPIRATORY INFECTION,INFECTION,
FALSE,CRP,J440,CHRONIC OBSTRUCTIVE PULMONARY DISEASE WITH (ACUTE) LOWER RESPIRATORY INFECTION,INFECTION,Would not test it here - it would be elevated if this was an acute flare. But not tested to establish a diagnosis or a treatment plan.
FALSE,CRP,K660,PERITONEAL ADHESIONS (POSTPROCEDURAL) (POSTINFECTION),INFECTION,
FALSE,CRP,K759,"INFLAMMATORY LIVER DISEASE, UNSPECIFIED",INFLAMMATORY.*DISEASE,
TRUE,CRP,K8500,IDIOPATHIC ACUTE PANCREATITIS WITHOUT NECROSIS OR INFECTION,INFECTION,
TRUE,CRP,K8510,BILIARY ACUTE PANCREATITIS WITHOUT NECROSIS OR INFECTION,INFECTION,
TRUE,CRP,K8520,ALCOHOL INDUCED ACUTE PANCREATITIS WITHOUT NECROSIS OR INFECTION,INFECTION,
TRUE,CRP,K8590,"ACUTE PANCREATITIS WITHOUT NECROSIS OR INFECTION, UNSPECIFIED",INFECTION,
FALSE,CRP,L089,"LOCAL INFECTION OF THE SKIN AND SUBCUTANEOUS TISSUE, UNSPECIFIED",INFECTION,
TRUE,CRP,L930,DISCOID LUPUS ERYTHEMATOSUS,LUPUS,
TRUE,CRP,L932,OTHER LOCAL LUPUS ERYTHEMATOSUS,LUPUS,
TRUE,CRP,M01X9,DIRECT INFECTION OF MULTIPLE JOINTS IN INFECTIOUS AND PARASITIC DISEASES CLASSIFIED ELSEWHERE,INFECTION,
TRUE,CRP,M05741,RHEUMATOID ARTHRITIS WITH RHEUMATOID FACTOR,RHEUMATOID.*ARTHRITIS,
TRUE,CRP,M05742,,RHEUMATOID.*ARTHRITIS,
TRUE,CRP,M0579,,RHEUMATOID.*ARTHRITIS,
TRUE,CRP,M059,,RHEUMATOID.*ARTHRITIS,
TRUE,CRP,M0600,"RHEUMATOID ARTHRITIS WITHOUT RHEUMATOID FACTOR, UNSPECIFIED SITE",RHEUMATOID.*ARTHRITIS,
TRUE,CRP,M069,"RHEUMATOID ARTHRITIS, UNSPECIFIED",RHEUMATOID.*ARTHRITIS,
TRUE,CRP,M320,DRUG-INDUCED SYSTEMIC LUPUS ERYTHEMATOSUS,LUPUS,
TRUE,CRP,M3210,"SYSTEMIC LUPUS ERYTHEMATOSUS, ORGAN OR SYSTEM INVOLVEMENT UNSPECIFIED",LUPUS,
TRUE,CRP,M3212,PERICARDITIS IN SYSTEMIC LUPUS ERYTHEMATOSUS,LUPUS,
TRUE,CRP,M3213,LUNG INVOLVEMENT IN SYSTEMIC LUPUS ERYTHEMATOSUS,LUPUS,
TRUE,CRP,M3214,GLOMERULAR DISEASE IN SYSTEMIC LUPUS ERYTHEMATOSUS,LUPUS,
TRUE,CRP,M3219,OTHER ORGAN OR SYSTEM INVOLVEMENT IN SYSTEMIC LUPUS ERYTHEMATOSUS,LUPUS,
TRUE,CRP,M329,"SYSTEMIC LUPUS ERYTHEMATOSUS, UNSPECIFIED",LUPUS,
TRUE,CRP,N390,"URINARY TRACT INFECTION, SITE NOT SPECIFIED",INFECTION,
TRUE,CRP,N419,"INFLAMMATORY DISEASE OF PROSTATE, UNSPECIFIED",INFLAMMATORY.*STATE; INFLAMMATORY.*DISEASE,
TRUE,CRP,N72,INFLAMMATORY DISEASE OF CERVIX UTERI,INFLAMMATORY.*DISEASE,
FALSE,CRP,N739,"FEMALE PELVIC INFLAMMATORY DISEASE, UNSPECIFIED",INFLAMMATORY.*DISEASE,
TRUE,CRP,O2341,UNSPECIFIED INFECTION OF URINARY TRACT IN PREGNANCY,INFECTION,
TRUE,CRP,O2343,,INFECTION,
FALSE,CRP,O98311,"OTHER INFECTIONS WITH A PREDOMINANTLY SEXUAL MODE OF TRANSMISSION COMPLICATING PREGNANCY, FIRST TRIMESTER",INFECTION,
TRUE,CRP,R6520,SEVERE SEPSIS WITHOUT SEPTIC SHOCK,SEPSIS,
TRUE,CRP,R7982,ELEVATED C-REACTIVE PROTEIN (CRP),ELEVATED.*CRP,
TRUE,CRP,T80219A,"UNSPECIFIED INFECTION DUE TO CENTRAL VENOUS CATHETER, INITIAL ENCOUNTER",INFECTION,
TRUE,CRP,T8149XA,"INFECTION FOLLOWING A PROCEDURE, OTHER SURGICAL SITE, INITIAL ENCOUNTER",INFECTION,
TRUE,CRP,T826XXD,"INFECTION AND INFLAMMATORY REACTION DUE TO CARDIAC VALVE PROSTHESIS, SUBSEQUENT ENCOUNTER",INFECTION,
FALSE,CRP,Z113,ENCOUNTER FOR SCREENING FOR INFECTIONS WITH A PREDOMINANTLY SEXUAL MODE OF TRANSMISSION,INFECTION,
FALSE,CRP,Z202,CONTACT WITH AND (SUSPECTED) EXPOSURE TO INFECTIONS WITH A PREDOMINANTLY SEXUAL MODE OF TRANSMISSION,INFECTION,
FALSE,CRP,Z21,ASYMPTOMATIC HUMAN IMMUNODEFICIENCY VIRUS [HIV] INFECTION STATUS,INFECTION,
FALSE,CRP,Z8615,PERSONAL HISTORY OF LATENT TUBERCULOSIS INFECTION,INFECTION,
FALSE,CRP,Z87440,PERSONAL HISTORY OF URINARY (TRACT) INFECTIONS,INFECTION,
TRUE,HCST,D510,VITAMIN B12 DEFICIENCY ANEMIA,VITAMIN.*DEFICIENCY; VITAMIN.*B12.*DEFICIENCY,
TRUE,HCST,D519,,VITAMIN.*DEFICIENCY; VITAMIN.*B12.*DEFICIENCY; VITAMIN.*B12.*DEFICIENCY.*UNSPECIFIED,
TRUE,HCST,E539,"VITAMIN B DEFICIENCY, UNSPECIFIED",VITAMIN.*DEFICIENCY,
TRUE,HCST,E559,"VITAMIN D DEFICIENCY, UNSPECIFIED",VITAMIN.*DEFICIENCY,
TRUE,HCST,E569,"VITAMIN DEFICIENCY, UNSPECIFIED",VITAMIN.*DEFICIENCY,
TRUE,TRIG,E782,MIXED HYPERLIPIDEMIA,HYPERLIPIDEMIA,
TRUE,TRIG,E7849,OTHER HYPERLIPIDEMIA,HYPERLIPIDEMIA,
TRUE,TRIG,E785,"HYPERLIPIDEMIA, UNSPECIFIED",HYPERLIPIDEMIA,