"","VARIABLE_NAME","DX_CODE","DX_DESC","CLINICALLY_RELEVANT","MATCHED_TERMS"
"1","A1C","E0800","DIABETES MELLITUS DUE TO UNDERLYING CONDITION WITH HYPEROSMOLARITY WITHOUT NONKETOTIC HYPERGLYCEMIC-HYPEROSMOLAR COMA (NKHHC)",TRUE,"DIABETES; DIABETES.*MELLITUS"
"2","A1C","E0801","DIABETES MELLITUS DUE TO UNDERLYING CONDITION WITH HYPEROSMOLARITY WITH COMA",TRUE,"DIABETES; DIABETES.*MELLITUS"
"3","A1C","E0810","DIABETES MELLITUS DUE TO UNDERLYING CONDITION WITH KETOACIDOSIS WITHOUT COMA",TRUE,"DIABETES; DIABETES.*MELLITUS"
"4","A1C","E0821","DIABETES MELLITUS DUE TO UNDERLYING CONDITION WITH DIABETIC NEPHROPATHY",TRUE,"DIABETES; DIABETES.*MELLITUS; DIABETES.*WITH.*NEPHROPATHY"
"5","A1C","E0840","DIABETES MELLITUS DUE TO UNDERLYING CONDITION WITH DIABETIC NEUROPATHY, UNSPECIFIED",TRUE,"DIABETES; DIABETES.*MELLITUS; DIABETES.*UNSPECIFIED; DIABETES.*WITH.*NEUROPATHY"
"6","A1C","E0842","DIABETES MELLITUS DUE TO UNDERLYING CONDITION WITH DIABETIC POLYNEUROPATHY",TRUE,"DIABETES; DIABETES.*MELLITUS; DIABETES.*WITH.*NEUROPATHY"
"7","A1C","E08621","DIABETES MELLITUS DUE TO UNDERLYING CONDITION WITH FOOT ULCER",TRUE,"DIABETES; DIABETES.*MELLITUS"
"8","A1C","E08622","DIABETES MELLITUS DUE TO UNDERLYING CONDITION WITH OTHER SKIN ULCER",TRUE,"DIABETES; DIABETES.*MELLITUS"
"9","A1C","E0865","DIABETES MELLITUS DUE TO UNDERLYING CONDITION WITH HYPERGLYCEMIA",TRUE,"DIABETES; HYPERGLYCEMIA; DIABETES.*MELLITUS"
"10","A1C","E0869","DIABETES MELLITUS DUE TO UNDERLYING CONDITION WITH OTHER SPECIFIED COMPLICATION",TRUE,"DIABETES; DIABETES.*MELLITUS"
"11","A1C","E088","DIABETES MELLITUS DUE TO UNDERLYING CONDITION WITH UNSPECIFIED COMPLICATIONS",TRUE,"DIABETES; DIABETES.*MELLITUS; DIABETES.*UNSPECIFIED; DIABETES.*WITH.*COMPLICATIONS"
"12","A1C","E089","DIABETES MELLITUS DUE TO UNDERLYING CONDITION WITHOUT COMPLICATIONS",TRUE,"DIABETES; DIABETES.*MELLITUS; DIABETES.*WITH.*COMPLICATIONS; DIABETES.*WITHOUT.*COMPLICATIONS"
"13","A1C","E099","DRUG OR CHEMICAL INDUCED DIABETES MELLITUS WITHOUT COMPLICATIONS",TRUE,"DIABETES; DIABETES.*MELLITUS; DIABETES.*WITH.*COMPLICATIONS; DIABETES.*WITHOUT.*COMPLICATIONS"
"14","A1C","E1010","TYPE 1 DIABETES MELLITUS WITH KETOACIDOSIS WITHOUT COMA",TRUE,"DIABETES; TYPE.*1.*DIABETES; DIABETES.*MELLITUS; TYPE.*1.*DIABETES.*MELLITUS"
"15","A1C","E1029","TYPE 1 DIABETES MELLITUS WITH OTHER DIABETIC KIDNEY COMPLICATION",TRUE,"DIABETES; TYPE.*1.*DIABETES; DIABETES.*MELLITUS; TYPE.*1.*DIABETIC; TYPE.*1.*DIABETES.*MELLITUS"
"16","A1C","E103293","TYPE 1 DIABETES MELLITUS WITH MILD NONPROLIFERATIVE DIABETIC RETINOPATHY WITHOUT MACULAR EDEMA, BILATERAL",TRUE,"DIABETES; TYPE.*1.*DIABETES; DIABETES.*MELLITUS; TYPE.*1.*DIABETIC; TYPE.*1.*DIABETES.*MELLITUS; DIABETES.*WITH.*RETINOPATHY"
"17","A1C","E103299","TYPE 1 DIABETES MELLITUS WITH MILD NONPROLIFERATIVE DIABETIC RETINOPATHY WITHOUT MACULAR EDEMA, UNSPECIFIED EYE",TRUE,"DIABETES; TYPE.*1.*DIABETES; DIABETES.*MELLITUS; TYPE.*1.*DIABETIC; TYPE.*1.*DIABETES.*MELLITUS; DIABETES.*UNSPECIFIED; TYPE.*1.*DIABETES.*UNSPECIFIED; DIABETES.*WITH.*RETINOPATHY"
"18","A1C","E103312","TYPE 1 DIABETES MELLITUS WITH MODERATE NONPROLIFERATIVE DIABETIC RETINOPATHY WITH MACULAR EDEMA, LEFT EYE",TRUE,"DIABETES; TYPE.*1.*DIABETES; DIABETES.*MELLITUS; TYPE.*1.*DIABETIC; TYPE.*1.*DIABETES.*MELLITUS; DIABETES.*WITH.*RETINOPATHY"
"19","A1C","E103391","TYPE 1 DIABETES MELLITUS WITH MODERATE NONPROLIFERATIVE DIABETIC RETINOPATHY WITHOUT MACULAR EDEMA, RIGHT EYE",TRUE,"DIABETES; TYPE.*1.*DIABETES; DIABETES.*MELLITUS; TYPE.*1.*DIABETIC; TYPE.*1.*DIABETES.*MELLITUS; DIABETES.*WITH.*RETINOPATHY"
"20","A1C","E103493","TYPE 1 DIABETES MELLITUS WITH SEVERE NONPROLIFERATIVE DIABETIC RETINOPATHY WITHOUT MACULAR EDEMA, BILATERAL",TRUE,"DIABETES; TYPE.*1.*DIABETES; DIABETES.*MELLITUS; TYPE.*1.*DIABETIC; TYPE.*1.*DIABETES.*MELLITUS; DIABETES.*WITH.*RETINOPATHY"
"21","A1C","E103511","TYPE 1 DIABETES MELLITUS WITH PROLIFERATIVE DIABETIC RETINOPATHY WITH MACULAR EDEMA, RIGHT EYE",TRUE,"DIABETES; TYPE.*1.*DIABETES; DIABETES.*MELLITUS; TYPE.*1.*DIABETIC; TYPE.*1.*DIABETES.*MELLITUS; DIABETES.*WITH.*RETINOPATHY"
"22","A1C","E103591","TYPE 1 DIABETES MELLITUS WITH PROLIFERATIVE DIABETIC RETINOPATHY WITHOUT MACULAR EDEMA, RIGHT EYE",TRUE,"DIABETES; TYPE.*1.*DIABETES; DIABETES.*MELLITUS; TYPE.*1.*DIABETIC; TYPE.*1.*DIABETES.*MELLITUS; DIABETES.*WITH.*RETINOPATHY"
"23","A1C","E103592","TYPE 1 DIABETES MELLITUS WITH PROLIFERATIVE DIABETIC RETINOPATHY WITHOUT MACULAR EDEMA, LEFT EYE",TRUE,"DIABETES; TYPE.*1.*DIABETES; DIABETES.*MELLITUS; TYPE.*1.*DIABETIC; TYPE.*1.*DIABETES.*MELLITUS; DIABETES.*WITH.*RETINOPATHY"
"24","A1C","E103593","TYPE 1 DIABETES MELLITUS WITH PROLIFERATIVE DIABETIC RETINOPATHY WITHOUT MACULAR EDEMA, BILATERAL",TRUE,"DIABETES; TYPE.*1.*DIABETES; DIABETES.*MELLITUS; TYPE.*1.*DIABETIC; TYPE.*1.*DIABETES.*MELLITUS; DIABETES.*WITH.*RETINOPATHY"
"25","A1C","E103599","TYPE 1 DIABETES MELLITUS WITH PROLIFERATIVE DIABETIC RETINOPATHY WITHOUT MACULAR EDEMA, UNSPECIFIED EYE",TRUE,"DIABETES; TYPE.*1.*DIABETES; DIABETES.*MELLITUS; TYPE.*1.*DIABETIC; TYPE.*1.*DIABETES.*MELLITUS; DIABETES.*UNSPECIFIED; TYPE.*1.*DIABETES.*UNSPECIFIED; DIABETES.*WITH.*RETINOPATHY"
"26","A1C","E1042","TYPE 1 DIABETES MELLITUS WITH DIABETIC POLYNEUROPATHY",TRUE,"DIABETES; TYPE.*1.*DIABETES; DIABETES.*MELLITUS; TYPE.*1.*DIABETIC; TYPE.*1.*DIABETES.*MELLITUS; DIABETES.*WITH.*NEUROPATHY"
"27","A1C","E1049","TYPE 1 DIABETES MELLITUS WITH OTHER DIABETIC NEUROLOGICAL COMPLICATION",TRUE,"DIABETES; TYPE.*1.*DIABETES; DIABETES.*MELLITUS; TYPE.*1.*DIABETIC; TYPE.*1.*DIABETES.*MELLITUS"
"28","A1C","E10610","TYPE 1 DIABETES MELLITUS WITH DIABETIC NEUROPATHIC ARTHROPATHY",TRUE,"DIABETES; TYPE.*1.*DIABETES; DIABETES.*MELLITUS; TYPE.*1.*DIABETIC; TYPE.*1.*DIABETES.*MELLITUS"
"29","A1C","E10621","TYPE 1 DIABETES MELLITUS WITH FOOT ULCER",TRUE,"DIABETES; TYPE.*1.*DIABETES; DIABETES.*MELLITUS; TYPE.*1.*DIABETES.*MELLITUS"
"30","A1C","E10628","TYPE 1 DIABETES MELLITUS WITH OTHER SKIN COMPLICATIONS",TRUE,"DIABETES; TYPE.*1.*DIABETES; DIABETES.*MELLITUS; TYPE.*1.*DIABETES.*MELLITUS; TYPE.*1.*DIABETES.*WITH.*COMPLICATIONS; DIABETES.*WITH.*COMPLICATIONS; TYPE.*1.*DIABETES.*WITH.*COMPLICATIONS"
"31","A1C","E10649","TYPE 1 DIABETES MELLITUS WITH HYPOGLYCEMIA WITHOUT COMA",TRUE,"DIABETES; TYPE.*1.*DIABETES; DIABETES.*MELLITUS; TYPE.*1.*DIABETES.*MELLITUS"
"32","A1C","E1065","TYPE 1 DIABETES MELLITUS WITH HYPERGLYCEMIA",TRUE,"DIABETES; HYPERGLYCEMIA; TYPE.*1.*DIABETES; DIABETES.*MELLITUS; TYPE.*1.*DIABETES.*MELLITUS"
"33","A1C","E1069","TYPE 1 DIABETES MELLITUS WITH OTHER SPECIFIED COMPLICATION",TRUE,"DIABETES; TYPE.*1.*DIABETES; DIABETES.*MELLITUS; TYPE.*1.*DIABETES.*MELLITUS"
"34","A1C","E108","TYPE 1 DIABETES MELLITUS WITH UNSPECIFIED COMPLICATIONS",TRUE,"DIABETES; TYPE.*1.*DIABETES; DIABETES.*MELLITUS; TYPE.*1.*DIABETES.*MELLITUS; DIABETES.*UNSPECIFIED; TYPE.*1.*DIABETES.*WITH.*COMPLICATIONS; DIABETES.*WITH.*COMPLICATIONS; TYPE.*1.*DIABETES.*WITH.*COMPLICATIONS; TYPE.*1.*DIABETES.*UNSPECIFIED"
"35","A1C","E109","TYPE 1 DIABETES MELLITUS WITHOUT COMPLICATIONS",TRUE,"DIABETES; TYPE.*1.*DIABETES; DIABETES.*MELLITUS; TYPE.*1.*DIABETES.*MELLITUS; TYPE.*1.*DIABETES.*WITH.*COMPLICATIONS; DIABETES.*WITH.*COMPLICATIONS; DIABETES.*WITHOUT.*COMPLICATIONS; TYPE.*1.*DIABETES.*WITH.*COMPLICATIONS"
"36","A1C","E1100","TYPE 2 DIABETES MELLITUS WITH HYPEROSMOLARITY WITHOUT NONKETOTIC HYPERGLYCEMIC-HYPEROSMOLAR COMA (NKHHC)",TRUE,"DIABETES; TYPE.*2.*DIABETES; DIABETES.*MELLITUS; TYPE.*2.*DIABETES.*MELLITUS"
"37","A1C","E1110","TYPE 2 DIABETES MELLITUS WITH KETOACIDOSIS WITHOUT COMA",TRUE,"DIABETES; TYPE.*2.*DIABETES; DIABETES.*MELLITUS; TYPE.*2.*DIABETES.*MELLITUS"
"38","A1C","E1121","TYPE 2 DIABETES MELLITUS WITH DIABETIC NEPHROPATHY",TRUE,"DIABETES; TYPE.*2.*DIABETES; DIABETES.*MELLITUS; TYPE.*2.*DIABETIC; TYPE.*2.*DIABETES.*MELLITUS; DIABETES.*WITH.*NEPHROPATHY"
"39","A1C","E1122","TYPE 2 DIABETES MELLITUS WITH DIABETIC CHRONIC KIDNEY DISEASE",TRUE,"DIABETES; TYPE.*2.*DIABETES"
"40","A1C","E1129","TYPE 2 DIABETES MELLITUS WITH OTHER DIABETIC KIDNEY COMPLICATION",TRUE,"DIABETES; TYPE.*2.*DIABETES; DIABETES.*MELLITUS; TYPE.*2.*DIABETIC; TYPE.*2.*DIABETES.*MELLITUS"
"41","A1C","E11311","TYPE 2 DIABETES MELLITUS WITH UNSPECIFIED DIABETIC RETINOPATHY WITH MACULAR EDEMA",TRUE,"DIABETES; TYPE.*2.*DIABETES; DIABETES.*MELLITUS; TYPE.*2.*DIABETIC; TYPE.*2.*DIABETES.*MELLITUS; DIABETES.*UNSPECIFIED; TYPE.*2.*DIABETES.*UNSPECIFIED; DIABETES.*WITH.*RETINOPATHY"
"42","A1C","E11319","TYPE 2 DIABETES MELLITUS WITH UNSPECIFIED DIABETIC RETINOPATHY WITHOUT MACULAR EDEMA",TRUE,"DIABETES; TYPE.*2.*DIABETES; DIABETES.*MELLITUS; TYPE.*2.*DIABETIC; TYPE.*2.*DIABETES.*MELLITUS; DIABETES.*UNSPECIFIED; TYPE.*2.*DIABETES.*UNSPECIFIED; DIABETES.*WITH.*RETINOPATHY"
"43","A1C","E113212","TYPE 2 DIABETES MELLITUS WITH MILD NONPROLIFERATIVE DIABETIC RETINOPATHY WITH MACULAR EDEMA, LEFT EYE",TRUE,"DIABETES; TYPE.*2.*DIABETES; DIABETES.*MELLITUS; TYPE.*2.*DIABETIC; TYPE.*2.*DIABETES.*MELLITUS; DIABETES.*WITH.*RETINOPATHY"
"44","A1C","E113219","TYPE 2 DIABETES MELLITUS WITH MILD NONPROLIFERATIVE DIABETIC RETINOPATHY WITH MACULAR EDEMA, UNSPECIFIED EYE",TRUE,"DIABETES; TYPE.*2.*DIABETES; DIABETES.*MELLITUS; TYPE.*2.*DIABETIC; TYPE.*2.*DIABETES.*MELLITUS; DIABETES.*UNSPECIFIED; TYPE.*2.*DIABETES.*UNSPECIFIED; DIABETES.*WITH.*RETINOPATHY"
"45","A1C","E113291","TYPE 2 DIABETES MELLITUS WITH MILD NONPROLIFERATIVE DIABETIC RETINOPATHY WITHOUT MACULAR EDEMA, RIGHT EYE",TRUE,"DIABETES; TYPE.*2.*DIABETES; DIABETES.*MELLITUS; TYPE.*2.*DIABETIC; TYPE.*2.*DIABETES.*MELLITUS; DIABETES.*WITH.*RETINOPATHY"
"46","A1C","E113293","TYPE 2 DIABETES MELLITUS WITH MILD NONPROLIFERATIVE DIABETIC RETINOPATHY WITHOUT MACULAR EDEMA, BILATERAL",TRUE,"DIABETES; TYPE.*2.*DIABETES; DIABETES.*MELLITUS; TYPE.*2.*DIABETIC; TYPE.*2.*DIABETES.*MELLITUS; DIABETES.*WITH.*RETINOPATHY"
"47","A1C","E113299","TYPE 2 DIABETES MELLITUS WITH MILD NONPROLIFERATIVE DIABETIC RETINOPATHY WITHOUT MACULAR EDEMA, UNSPECIFIED EYE",TRUE,"DIABETES; TYPE.*2.*DIABETES; DIABETES.*MELLITUS; TYPE.*2.*DIABETIC; TYPE.*2.*DIABETES.*MELLITUS; DIABETES.*UNSPECIFIED; TYPE.*2.*DIABETES.*UNSPECIFIED; DIABETES.*WITH.*RETINOPATHY"
"48","A1C","E113311","TYPE 2 DIABETES MELLITUS WITH MODERATE NONPROLIFERATIVE DIABETIC RETINOPATHY WITH MACULAR EDEMA, RIGHT EYE",TRUE,"DIABETES; TYPE.*2.*DIABETES; DIABETES.*MELLITUS; TYPE.*2.*DIABETIC; TYPE.*2.*DIABETES.*MELLITUS; DIABETES.*WITH.*RETINOPATHY"
"49","A1C","E113313","TYPE 2 DIABETES MELLITUS WITH MODERATE NONPROLIFERATIVE DIABETIC RETINOPATHY WITH MACULAR EDEMA, BILATERAL",TRUE,"DIABETES; TYPE.*2.*DIABETES; DIABETES.*MELLITUS; TYPE.*2.*DIABETIC; TYPE.*2.*DIABETES.*MELLITUS; DIABETES.*WITH.*RETINOPATHY"
"50","A1C","E113391","TYPE 2 DIABETES MELLITUS WITH MODERATE NONPROLIFERATIVE DIABETIC RETINOPATHY WITHOUT MACULAR EDEMA, RIGHT EYE",TRUE,"DIABETES; TYPE.*2.*DIABETES; DIABETES.*MELLITUS; TYPE.*2.*DIABETIC; TYPE.*2.*DIABETES.*MELLITUS; DIABETES.*WITH.*RETINOPATHY"
"51","A1C","E113392","TYPE 2 DIABETES MELLITUS WITH MODERATE NONPROLIFERATIVE DIABETIC RETINOPATHY WITHOUT MACULAR EDEMA, LEFT EYE",TRUE,"DIABETES; TYPE.*2.*DIABETES; DIABETES.*MELLITUS; TYPE.*2.*DIABETIC; TYPE.*2.*DIABETES.*MELLITUS; DIABETES.*WITH.*RETINOPATHY"
"52","A1C","E113393","TYPE 2 DIABETES MELLITUS WITH MODERATE NONPROLIFERATIVE DIABETIC RETINOPATHY WITHOUT MACULAR EDEMA, BILATERAL",TRUE,"DIABETES; TYPE.*2.*DIABETES; DIABETES.*MELLITUS; TYPE.*2.*DIABETIC; TYPE.*2.*DIABETES.*MELLITUS; DIABETES.*WITH.*RETINOPATHY"
"53","A1C","E113511","TYPE 2 DIABETES MELLITUS WITH PROLIFERATIVE DIABETIC RETINOPATHY WITH MACULAR EDEMA, RIGHT EYE",TRUE,"DIABETES; TYPE.*2.*DIABETES; DIABETES.*MELLITUS; TYPE.*2.*DIABETIC; TYPE.*2.*DIABETES.*MELLITUS; DIABETES.*WITH.*RETINOPATHY"
"54","A1C","E113512","TYPE 2 DIABETES MELLITUS WITH PROLIFERATIVE DIABETIC RETINOPATHY WITH MACULAR EDEMA, LEFT EYE",TRUE,"DIABETES; TYPE.*2.*DIABETES; DIABETES.*MELLITUS; TYPE.*2.*DIABETIC; TYPE.*2.*DIABETES.*MELLITUS; DIABETES.*WITH.*RETINOPATHY"
"55","A1C","E113513","TYPE 2 DIABETES MELLITUS WITH PROLIFERATIVE DIABETIC RETINOPATHY WITH MACULAR EDEMA, BILATERAL",TRUE,"DIABETES; TYPE.*2.*DIABETES; DIABETES.*MELLITUS; TYPE.*2.*DIABETIC; TYPE.*2.*DIABETES.*MELLITUS; DIABETES.*WITH.*RETINOPATHY"
"56","A1C","E113559","TYPE 2 DIABETES MELLITUS WITH STABLE PROLIFERATIVE DIABETIC RETINOPATHY, UNSPECIFIED EYE",TRUE,"DIABETES; TYPE.*2.*DIABETES; DIABETES.*MELLITUS; TYPE.*2.*DIABETIC; TYPE.*2.*DIABETES.*MELLITUS; DIABETES.*UNSPECIFIED; DIABETES.*MELLITUS.*STABLE; TYPE.*2.*DIABETES.*UNSPECIFIED; DIABETES.*WITH.*RETINOPATHY"
"57","A1C","E113592","TYPE 2 DIABETES MELLITUS WITH PROLIFERATIVE DIABETIC RETINOPATHY WITHOUT MACULAR EDEMA, LEFT EYE",TRUE,"DIABETES; TYPE.*2.*DIABETES; DIABETES.*MELLITUS; TYPE.*2.*DIABETIC; TYPE.*2.*DIABETES.*MELLITUS; DIABETES.*WITH.*RETINOPATHY"
"58","A1C","E113593","TYPE 2 DIABETES MELLITUS WITH PROLIFERATIVE DIABETIC RETINOPATHY WITHOUT MACULAR EDEMA, BILATERAL",TRUE,"DIABETES; TYPE.*2.*DIABETES; DIABETES.*MELLITUS; TYPE.*2.*DIABETIC; TYPE.*2.*DIABETES.*MELLITUS; DIABETES.*WITH.*RETINOPATHY"
"59","A1C","E113599","TYPE 2 DIABETES MELLITUS WITH PROLIFERATIVE DIABETIC RETINOPATHY WITHOUT MACULAR EDEMA, UNSPECIFIED EYE",TRUE,"DIABETES; TYPE.*2.*DIABETES; DIABETES.*MELLITUS; TYPE.*2.*DIABETIC; TYPE.*2.*DIABETES.*MELLITUS; DIABETES.*UNSPECIFIED; TYPE.*2.*DIABETES.*UNSPECIFIED; DIABETES.*WITH.*RETINOPATHY"
"60","A1C","E1136","TYPE 2 DIABETES MELLITUS WITH DIABETIC CATARACT",TRUE,"DIABETES; TYPE.*2.*DIABETES; DIABETES.*MELLITUS; TYPE.*2.*DIABETIC; TYPE.*2.*DIABETES.*MELLITUS"
"61","A1C","E1140","TYPE 2 DIABETES MELLITUS WITH DIABETIC NEUROPATHY, UNSPECIFIED",TRUE,"DIABETES; TYPE.*2.*DIABETES; DIABETES.*MELLITUS; TYPE.*2.*DIABETIC; TYPE.*2.*DIABETES.*MELLITUS; DIABETES.*UNSPECIFIED; TYPE.*2.*DIABETES.*UNSPECIFIED; DIABETES.*WITH.*NEUROPATHY"
"62","A1C","E1141","TYPE 2 DIABETES MELLITUS WITH DIABETIC MONONEUROPATHY",TRUE,"DIABETES; TYPE.*2.*DIABETES; DIABETES.*MELLITUS; TYPE.*2.*DIABETIC; TYPE.*2.*DIABETES.*MELLITUS; DIABETES.*WITH.*NEUROPATHY"
"63","A1C","E1142","TYPE 2 DIABETES MELLITUS WITH DIABETIC POLYNEUROPATHY",TRUE,"DIABETES; TYPE.*2.*DIABETES; DIABETES.*MELLITUS; TYPE.*2.*DIABETIC; TYPE.*2.*DIABETES.*MELLITUS; DIABETES.*WITH.*NEUROPATHY"
"64","A1C","E1143","TYPE 2 DIABETES MELLITUS WITH DIABETIC AUTONOMIC (POLY)NEUROPATHY",TRUE,"DIABETES; TYPE.*2.*DIABETES; DIABETES.*MELLITUS; TYPE.*2.*DIABETIC; TYPE.*2.*DIABETES.*MELLITUS; DIABETES.*WITH.*NEUROPATHY"
"65","A1C","E1149","TYPE 2 DIABETES MELLITUS WITH OTHER DIABETIC NEUROLOGICAL COMPLICATION",TRUE,"DIABETES; TYPE.*2.*DIABETES; DIABETES.*MELLITUS; TYPE.*2.*DIABETIC; TYPE.*2.*DIABETES.*MELLITUS"
"66","A1C","E1159","TYPE 2 DIABETES MELLITUS WITH OTHER CIRCULATORY COMPLICATIONS",TRUE,"DIABETES; TYPE.*2.*DIABETES; DIABETES.*MELLITUS; TYPE.*2.*DIABETES.*MELLITUS; DIABETES.*WITH.*COMPLICATIONS; TYPE.*2.*DIABETES.*WITH.*COMPLICATIONS"
"67","A1C","E11610","TYPE 2 DIABETES MELLITUS WITH DIABETIC NEUROPATHIC ARTHROPATHY",TRUE,"DIABETES; TYPE.*2.*DIABETES; DIABETES.*MELLITUS; TYPE.*2.*DIABETIC; TYPE.*2.*DIABETES.*MELLITUS"
"68","A1C","E11621","TYPE 2 DIABETES MELLITUS WITH FOOT ULCER",TRUE,"DIABETES; TYPE.*2.*DIABETES; DIABETES.*MELLITUS; TYPE.*2.*DIABETES.*MELLITUS"
"69","A1C","E11622","TYPE 2 DIABETES MELLITUS WITH OTHER SKIN ULCER",TRUE,"DIABETES; TYPE.*2.*DIABETES; DIABETES.*MELLITUS; TYPE.*2.*DIABETES.*MELLITUS"
"70","A1C","E11628","TYPE 2 DIABETES MELLITUS WITH OTHER SKIN COMPLICATIONS",TRUE,"DIABETES; TYPE.*2.*DIABETES; DIABETES.*MELLITUS; TYPE.*2.*DIABETES.*MELLITUS; DIABETES.*WITH.*COMPLICATIONS; TYPE.*2.*DIABETES.*WITH.*COMPLICATIONS"
"71","A1C","E11638","TYPE 2 DIABETES MELLITUS WITH OTHER ORAL COMPLICATIONS",TRUE,"DIABETES; TYPE.*2.*DIABETES; DIABETES.*MELLITUS; TYPE.*2.*DIABETES.*MELLITUS; DIABETES.*WITH.*COMPLICATIONS; TYPE.*2.*DIABETES.*WITH.*COMPLICATIONS"
"72","A1C","E11649","TYPE 2 DIABETES MELLITUS WITH HYPOGLYCEMIA WITHOUT COMA",TRUE,"DIABETES; TYPE.*2.*DIABETES; DIABETES.*MELLITUS; TYPE.*2.*DIABETES.*MELLITUS"
"73","A1C","E1165","TYPE 2 DIABETES MELLITUS WITH HYPERGLYCEMIA",TRUE,"DIABETES; HYPERGLYCEMIA; TYPE.*2.*DIABETES; DIABETES.*MELLITUS; TYPE.*2.*DIABETES.*MELLITUS"
"74","A1C","E1169","TYPE 2 DIABETES MELLITUS WITH OTHER SPECIFIED COMPLICATION",TRUE,"DIABETES; TYPE.*2.*DIABETES; DIABETES.*MELLITUS; TYPE.*2.*DIABETES.*MELLITUS"
"75","A1C","E118","TYPE 2 DIABETES MELLITUS WITH UNSPECIFIED COMPLICATIONS",TRUE,"DIABETES; TYPE.*2.*DIABETES; DIABETES.*MELLITUS; TYPE.*2.*DIABETES.*MELLITUS; DIABETES.*UNSPECIFIED; DIABETES.*WITH.*COMPLICATIONS; TYPE.*2.*DIABETES.*WITH.*COMPLICATIONS; TYPE.*2.*DIABETES.*UNSPECIFIED"
"76","A1C","E119","TYPE 2 DIABETES MELLITUS WITHOUT COMPLICATIONS",TRUE,"DIABETES; TYPE.*2.*DIABETES; DIABETES.*MELLITUS; TYPE.*2.*DIABETES.*MELLITUS; DIABETES.*WITH.*COMPLICATIONS; DIABETES.*WITHOUT.*COMPLICATIONS; TYPE.*2.*DIABETES.*WITH.*COMPLICATIONS"
"77","A1C","E1340","OTHER SPECIFIED DIABETES MELLITUS WITH DIABETIC NEUROPATHY, UNSPECIFIED",TRUE,"DIABETES; DIABETES.*MELLITUS; DIABETES.*UNSPECIFIED; DIABETES.*WITH.*NEUROPATHY"
"78","A1C","E13621","OTHER SPECIFIED DIABETES MELLITUS WITH FOOT ULCER",TRUE,"DIABETES; DIABETES.*MELLITUS"
"79","A1C","E1365","OTHER SPECIFIED DIABETES MELLITUS WITH HYPERGLYCEMIA",TRUE,"DIABETES; HYPERGLYCEMIA; DIABETES.*MELLITUS"
"80","A1C","E139","OTHER SPECIFIED DIABETES MELLITUS WITHOUT COMPLICATIONS",TRUE,"DIABETES; DIABETES.*MELLITUS; DIABETES.*WITH.*COMPLICATIONS; DIABETES.*WITHOUT.*COMPLICATIONS"
"81","A1C","E8881","Metabolic syndrome and other insulin resistance",TRUE,"INSULIN.*RESISTANCE"
"82","A1C","O24111","PRE-EXISTING TYPE 2 DIABETES MELLITUS, IN PREGNANCY, FIRST TRIMESTER",TRUE,"DIABETES; TYPE.*2.*DIABETES; DIABETES.*MELLITUS; TYPE.*2.*DIABETES.*MELLITUS"
"83","A1C","O24112","PRE-EXISTING TYPE 2 DIABETES MELLITUS, IN PREGNANCY, SECOND TRIMESTER",TRUE,"DIABETES; TYPE.*2.*DIABETES; DIABETES.*MELLITUS; TYPE.*2.*DIABETES.*MELLITUS"
"84","A1C","O24113","PRE-EXISTING TYPE 2 DIABETES MELLITUS, IN PREGNANCY, THIRD TRIMESTER",TRUE,"DIABETES; TYPE.*2.*DIABETES; DIABETES.*MELLITUS; TYPE.*2.*DIABETES.*MELLITUS"
"85","A1C","O24119","PRE-EXISTING TYPE 2 DIABETES MELLITUS, IN PREGNANCY, UNSPECIFIED TRIMESTER",TRUE,"DIABETES; TYPE.*2.*DIABETES; DIABETES.*MELLITUS; TYPE.*2.*DIABETES.*MELLITUS; DIABETES.*UNSPECIFIED; TYPE.*2.*DIABETES.*UNSPECIFIED"
"86","A1C","O24311","UNSPECIFIED PRE-EXISTING DIABETES MELLITUS IN PREGNANCY, FIRST TRIMESTER",TRUE,"DIABETES; DIABETES.*MELLITUS"
"87","A1C","O24410","GESTATIONAL DIABETES MELLITUS IN PREGNANCY, DIET CONTROLLED",TRUE,"DIABETES; GESTATIONAL.*DIABETES; DIABETES.*MELLITUS"
"88","A1C","O24414","GESTATIONAL DIABETES MELLITUS IN PREGNANCY, INSULIN CONTROLLED",TRUE,"DIABETES; GESTATIONAL.*DIABETES; DIABETES.*MELLITUS"
"89","A1C","O24419","GESTATIONAL DIABETES MELLITUS IN PREGNANCY, UNSPECIFIED CONTROL",TRUE,"DIABETES; GESTATIONAL.*DIABETES; DIABETES.*MELLITUS; DIABETES.*UNSPECIFIED"
"90","A1C","O24911","UNSPECIFIED DIABETES MELLITUS IN PREGNANCY, FIRST TRIMESTER",TRUE,"DIABETES; DIABETES.*MELLITUS"
"91","A1C","O24912","UNSPECIFIED DIABETES MELLITUS IN PREGNANCY, SECOND TRIMESTER",TRUE,"DIABETES; DIABETES.*MELLITUS"
"92","A1C","O24913","UNSPECIFIED DIABETES MELLITUS IN PREGNANCY, THIRD TRIMESTER",TRUE,"DIABETES; DIABETES.*MELLITUS"
"93","A1C","O24919","UNSPECIFIED DIABETES MELLITUS IN PREGNANCY, UNSPECIFIED TRIMESTER",TRUE,"DIABETES; DIABETES.*MELLITUS; DIABETES.*UNSPECIFIED"
"94","A1C","R7303","PREDIABETES",TRUE,"DIABETES; PREDIABETES; PREDIABETES"
"95","A1C","R739","HYPERGLYCEMIA, UNSPECIFIED",TRUE,"HYPERGLYCEMIA; HYPERGLYCEMIA.*UNSPECIFIED"
"96","A1C","Z131","ENCOUNTER FOR SCREENING FOR DIABETES MELLITUS",TRUE,"DIABETES; DIABETES.*MELLITUS"
"97","A1C","Z8632","PERSONAL HISTORY OF GESTATIONAL DIABETES",TRUE,"DIABETES; GESTATIONAL.*DIABETES"
"98","ALB","D472","MONOCLONAL GAMMOPATHY",TRUE,"MONOCLONAL.*GAMMOPATHY"
"99","ALB","E441","MILD PROTEIN-CALORIE MALNUTRITION",TRUE,"MALNUTRITION"
"100","ALB","E46","UNSPECIFIED PROTEIN-CALORIE MALNUTRITION",TRUE,"MALNUTRITION"
"101","ALB","E861","HYPOVOLEMIA",TRUE,"HYPOVOLEMIA"
"102","ALB","E869","VOLUME DEPLETION, UNSPECIFIED",TRUE,"VOLUME.*DEPLETION"
"103","ALB","K769","LIVER DISEASE, UNSPECIFIED",TRUE,"LIVER.*DISEASE"
"104","ALB","M05741","RHEUMATOID ARTHRITIS WITH RHEUMATOID FACTOR OF RIGHT HAND WITHOUT ORGAN OR SYSTEMS INVOLVEMENT",TRUE,"RHEUMATOID.*ARTHRITIS"
"105","ALB","M05742","RHEUMATOID ARTHRITIS WITH RHEUMATOID FACTOR OF LEFT HAND WITHOUT ORGAN OR SYSTEMS INVOLVEMENT",TRUE,"RHEUMATOID.*ARTHRITIS"
"106","ALB","M0579","RHEUMATOID ARTHRITIS WITH RHEUMATOID FACTOR OF MULTIPLE SITES WITHOUT ORGAN OR SYSTEMS INVOLVEMENT",TRUE,"RHEUMATOID.*ARTHRITIS"
"107","ALB","M059","RHEUMATOID ARTHRITIS WITH RHEUMATOID FACTOR, UNSPECIFIED",TRUE,"RHEUMATOID.*ARTHRITIS"
"108","ALB","M0600","RHEUMATOID ARTHRITIS WITHOUT RHEUMATOID FACTOR, UNSPECIFIED SITE",TRUE,"RHEUMATOID.*ARTHRITIS"
"109","ALB","M069","RHEUMATOID ARTHRITIS, UNSPECIFIED",TRUE,"RHEUMATOID.*ARTHRITIS"
"110","ALB","M320","DRUG-INDUCED SYSTEMIC LUPUS ERYTHEMATOSUS",TRUE,"SYSTEMIC.*LUPUS.*ERYTHEMATOSUS"
"111","ALB","M3210","SYSTEMIC LUPUS ERYTHEMATOSUS, ORGAN OR SYSTEM INVOLVEMENT UNSPECIFIED",TRUE,"SYSTEMIC.*LUPUS.*ERYTHEMATOSUS"
"112","ALB","M3214","GLOMERULAR DISEASE IN SYSTEMIC LUPUS ERYTHEMATOSUS",TRUE,"SYSTEMIC.*LUPUS.*ERYTHEMATOSUS"
"113","ALB","M329","SYSTEMIC LUPUS ERYTHEMATOSUS, UNSPECIFIED",TRUE,"SYSTEMIC.*LUPUS.*ERYTHEMATOSUS"
"114","ALB","N049","NEPHROTIC SYNDROME WITH UNSPECIFIED MORPHOLOGIC CHANGES",TRUE,"NEPHROTIC.*SYNDROME"
"115","BMI","E6601","MORBID (SEVERE) OBESITY DUE TO EXCESS CALORIES",TRUE,"OBESITY; MORBID.*OBESITY; SEVERE.*OBESITY; OBESITY.*DUE.*TO.*EXCESS.*CALORIES"
"116","BMI","E6609","OTHER OBESITY DUE TO EXCESS CALORIES",TRUE,"OBESITY; OBESITY.*DUE.*TO.*EXCESS.*CALORIES"
"117","BMI","E663","OVERWEIGHT",TRUE,"OVERWEIGHT"
"118","BMI","E668","Other obesity",TRUE,"OBESITY"
"119","BMI","E669","OBESITY, UNSPECIFIED",TRUE,"OBESITY"
"120","BMI","O2600","EXCESSIVE WEIGHT GAIN IN PREGNANCY, UNSPECIFIED TRIMESTER",TRUE,"EXCESSIVE.*WEIGHT; EXCESSIVE.*WEIGHT.*GAIN; EXCESS.*WEIGHT; EXCESSIVE.*WEIGHT.*UNSPECIFIED"
"121","BMI","O99210","OBESITY COMPLICATING PREGNANCY, UNSPECIFIED TRIMESTER",TRUE,"OBESITY"
"122","BMI","O99211","OBESITY COMPLICATING PREGNANCY, FIRST TRIMESTER",TRUE,"OBESITY"
"123","BMI","O99212","OBESITY COMPLICATING PREGNANCY, SECOND TRIMESTER",TRUE,"OBESITY"
"124","BMI","O99213","OBESITY COMPLICATING PREGNANCY, THIRD TRIMESTER",TRUE,"OBESITY"
"125","BP_DIASTOLIC","I10","ESSENTIAL (PRIMARY) HYPERTENSION",TRUE,"HYPERTENSION; ESSENTIAL.*HYPERTENSION"
"126","BP_DIASTOLIC","I119","HYPERTENSIVE HEART DISEASE WITHOUT HEART FAILURE",TRUE,"HYPERTENSIVE.*HEART.*DISEASE; HYPERTENSIVE.*DISEASE"
"127","BP_DIASTOLIC","I120","HYPERTENSIVE CHRONIC KIDNEY DISEASE WITH STAGE 5 CHRONIC KIDNEY DISEASE OR END STAGE RENAL DISEASE",TRUE,"HYPERTENSIVE.*RENAL.*DISEASE; HYPERTENSIVE.*DISEASE"
"128","BP_DIASTOLIC","I129","HYPERTENSIVE CHRONIC KIDNEY DISEASE WITH STAGE 1 THROUGH STAGE 4 CHRONIC KIDNEY DISEASE, OR UNSPECIFIED CHRONIC KIDNEY DISEASE",TRUE,"HYPERTENSIVE.*DISEASE"
"129","BP_DIASTOLIC","I150","RENOVASCULAR HYPERTENSION",TRUE,"HYPERTENSION"
"130","BP_DIASTOLIC","I151","HYPERTENSION SECONDARY TO OTHER RENAL DISORDERS",TRUE,"HYPERTENSION"
"131","BP_DIASTOLIC","I152","HYPERTENSION SECONDARY TO ENDOCRINE DISORDERS",TRUE,"HYPERTENSION"
"132","BP_DIASTOLIC","I158","OTHER SECONDARY HYPERTENSION",TRUE,"HYPERTENSION; SECONDARY.*HYPERTENSION"
"133","BP_DIASTOLIC","I159","SECONDARY HYPERTENSION, UNSPECIFIED",TRUE,"HYPERTENSION; SECONDARY.*HYPERTENSION; SECONDARY.*HYPERTENSION.*UNSPECIFIED"
"134","BP_DIASTOLIC","I160","HYPERTENSIVE URGENCY",TRUE,"HYPERTENSIVE.*URGENCY"
"135","BP_DIASTOLIC","I161","HYPERTENSIVE EMERGENCY",TRUE,"HYPERTENSIVE.*EMERGENCY"
"136","BP_DIASTOLIC","O10012","PRE-EXISTING ESSENTIAL HYPERTENSION COMPLICATING PREGNANCY, SECOND TRIMESTER",TRUE,"HYPERTENSION; ESSENTIAL.*HYPERTENSION"
"137","BP_DIASTOLIC","O10013","PRE-EXISTING ESSENTIAL HYPERTENSION COMPLICATING PREGNANCY, THIRD TRIMESTER",TRUE,"HYPERTENSION; ESSENTIAL.*HYPERTENSION"
"138","BP_DIASTOLIC","O10019","PRE-EXISTING ESSENTIAL HYPERTENSION COMPLICATING PREGNANCY, UNSPECIFIED TRIMESTER",TRUE,"HYPERTENSION; ESSENTIAL.*HYPERTENSION; ESSENTIAL.*HYPERTENSION.*UNSPECIFIED"
"139","BP_DIASTOLIC","O10911","UNSPECIFIED PRE-EXISTING HYPERTENSION COMPLICATING PREGNANCY, FIRST TRIMESTER",TRUE,"HYPERTENSION"
"140","BP_DIASTOLIC","O10913","UNSPECIFIED PRE-EXISTING HYPERTENSION COMPLICATING PREGNANCY, THIRD TRIMESTER",TRUE,"HYPERTENSION"
"141","BP_DIASTOLIC","O10919","UNSPECIFIED PRE-EXISTING HYPERTENSION COMPLICATING PREGNANCY, UNSPECIFIED TRIMESTER",TRUE,"HYPERTENSION"
"142","BP_DIASTOLIC","O133","GESTATIONAL [PREGNANCY-INDUCED] HYPERTENSION WITHOUT SIGNIFICANT PROTEINURIA, THIRD TRIMESTER",TRUE,"HYPERTENSION"
"143","BP_DIASTOLIC","O139","GESTATIONAL [PREGNANCY-INDUCED] HYPERTENSION WITHOUT SIGNIFICANT PROTEINURIA, UNSPECIFIED TRIMESTER",TRUE,"HYPERTENSION"
"144","BP_DIASTOLIC","O161","UNSPECIFIED MATERNAL HYPERTENSION, FIRST TRIMESTER",TRUE,"HYPERTENSION"
"145","BP_DIASTOLIC","O163","UNSPECIFIED MATERNAL HYPERTENSION, THIRD TRIMESTER",TRUE,"HYPERTENSION"
"146","BP_DIASTOLIC","O165","UNSPECIFIED MATERNAL HYPERTENSION, COMPLICATING THE PUERPERIUM",TRUE,"HYPERTENSION"
"147","BP_DIASTOLIC","R030","ELEVATED BLOOD-PRESSURE READING, WITHOUT DIAGNOSIS OF HYPERTENSION",TRUE,"HYPERTENSION; ELEVATED.*BLOOD.*PRESSURE"
"148","BP_SYSTOLIC","I10","ESSENTIAL (PRIMARY) HYPERTENSION",TRUE,"HYPERTENSION; ESSENTIAL.*HYPERTENSION"
"149","BP_SYSTOLIC","I119","HYPERTENSIVE HEART DISEASE WITHOUT HEART FAILURE",TRUE,"HYPERTENSIVE.*HEART.*DISEASE; HYPERTENSIVE.*DISEASE"
"150","BP_SYSTOLIC","I120","HYPERTENSIVE CHRONIC KIDNEY DISEASE WITH STAGE 5 CHRONIC KIDNEY DISEASE OR END STAGE RENAL DISEASE",TRUE,"HYPERTENSIVE.*RENAL.*DISEASE; HYPERTENSIVE.*DISEASE"
"151","BP_SYSTOLIC","I129","HYPERTENSIVE CHRONIC KIDNEY DISEASE WITH STAGE 1 THROUGH STAGE 4 CHRONIC KIDNEY DISEASE, OR UNSPECIFIED CHRONIC KIDNEY DISEASE",TRUE,"HYPERTENSIVE.*DISEASE"
"152","BP_SYSTOLIC","I150","RENOVASCULAR HYPERTENSION",TRUE,"HYPERTENSION"
"153","BP_SYSTOLIC","I151","HYPERTENSION SECONDARY TO OTHER RENAL DISORDERS",TRUE,"HYPERTENSION"
"154","BP_SYSTOLIC","I152","HYPERTENSION SECONDARY TO ENDOCRINE DISORDERS",TRUE,"HYPERTENSION"
"155","BP_SYSTOLIC","I158","OTHER SECONDARY HYPERTENSION",TRUE,"HYPERTENSION; SECONDARY.*HYPERTENSION"
"156","BP_SYSTOLIC","I159","SECONDARY HYPERTENSION, UNSPECIFIED",TRUE,"HYPERTENSION; SECONDARY.*HYPERTENSION; SECONDARY.*HYPERTENSION.*UNSPECIFIED"
"157","BP_SYSTOLIC","I160","HYPERTENSIVE URGENCY",TRUE,"HYPERTENSIVE.*URGENCY"
"158","BP_SYSTOLIC","I161","HYPERTENSIVE EMERGENCY",TRUE,"HYPERTENSIVE.*EMERGENCY"
"159","BP_SYSTOLIC","O10012","PRE-EXISTING ESSENTIAL HYPERTENSION COMPLICATING PREGNANCY, SECOND TRIMESTER",TRUE,"HYPERTENSION; ESSENTIAL.*HYPERTENSION"
"160","BP_SYSTOLIC","O10013","PRE-EXISTING ESSENTIAL HYPERTENSION COMPLICATING PREGNANCY, THIRD TRIMESTER",TRUE,"HYPERTENSION; ESSENTIAL.*HYPERTENSION"
"161","BP_SYSTOLIC","O10019","PRE-EXISTING ESSENTIAL HYPERTENSION COMPLICATING PREGNANCY, UNSPECIFIED TRIMESTER",TRUE,"HYPERTENSION; ESSENTIAL.*HYPERTENSION; ESSENTIAL.*HYPERTENSION.*UNSPECIFIED"
"162","BP_SYSTOLIC","O10911","UNSPECIFIED PRE-EXISTING HYPERTENSION COMPLICATING PREGNANCY, FIRST TRIMESTER",TRUE,"HYPERTENSION"
"163","BP_SYSTOLIC","O10913","UNSPECIFIED PRE-EXISTING HYPERTENSION COMPLICATING PREGNANCY, THIRD TRIMESTER",TRUE,"HYPERTENSION"
"164","BP_SYSTOLIC","O10919","UNSPECIFIED PRE-EXISTING HYPERTENSION COMPLICATING PREGNANCY, UNSPECIFIED TRIMESTER",TRUE,"HYPERTENSION"
"165","BP_SYSTOLIC","O133","GESTATIONAL [PREGNANCY-INDUCED] HYPERTENSION WITHOUT SIGNIFICANT PROTEINURIA, THIRD TRIMESTER",TRUE,"HYPERTENSION"
"166","BP_SYSTOLIC","O139","GESTATIONAL [PREGNANCY-INDUCED] HYPERTENSION WITHOUT SIGNIFICANT PROTEINURIA, UNSPECIFIED TRIMESTER",TRUE,"HYPERTENSION"
"167","BP_SYSTOLIC","O161","UNSPECIFIED MATERNAL HYPERTENSION, FIRST TRIMESTER",TRUE,"HYPERTENSION"
"168","BP_SYSTOLIC","O163","UNSPECIFIED MATERNAL HYPERTENSION, THIRD TRIMESTER",TRUE,"HYPERTENSION"
"169","BP_SYSTOLIC","O165","UNSPECIFIED MATERNAL HYPERTENSION, COMPLICATING THE PUERPERIUM",TRUE,"HYPERTENSION"
"170","BP_SYSTOLIC","R030","ELEVATED BLOOD-PRESSURE READING, WITHOUT DIAGNOSIS OF HYPERTENSION",TRUE,"HYPERTENSION; ELEVATED.*BLOOD.*PRESSURE"
"171","CHOL","E7800","PURE HYPERCHOLESTEROLEMIA, UNSPECIFIED",TRUE,"HYPERCHOLESTEROLEMIA"
"172","CHOL","E78010","Homozygous familial hypercholesterolemia [HoFH]",TRUE,"HYPERCHOLESTEROLEMIA"
"173","CHOL","E782","MIXED HYPERLIPIDEMIA",TRUE,"HYPERLIPIDEMIA"
"174","CHOL","E7849","OTHER HYPERLIPIDEMIA",TRUE,"HYPERLIPIDEMIA"
"175","CHOL","E785","HYPERLIPIDEMIA, UNSPECIFIED",TRUE,"HYPERLIPIDEMIA"
"176","CHOL","I25810","ATHEROSCLEROSIS OF CORONARY ARTERY BYPASS GRAFT(S) WITHOUT ANGINA PECTORIS",TRUE,"ATHEROSCLEROSIS"
"177","CHOL","I25812","ATHEROSCLEROSIS OF BYPASS GRAFT OF CORONARY ARTERY OF TRANSPLANTED HEART WITHOUT ANGINA PECTORIS",TRUE,"ATHEROSCLEROSIS"
"178","CHOL","I2584","CORONARY ATHEROSCLEROSIS DUE TO CALCIFIED CORONARY LESION",TRUE,"ATHEROSCLEROSIS"
"179","CHOL","I700","ATHEROSCLEROSIS OF AORTA",TRUE,"ATHEROSCLEROSIS"
"180","CHOL","I701","ATHEROSCLEROSIS OF RENAL ARTERY",TRUE,"ATHEROSCLEROSIS"
"181","CHOL","I7090","UNSPECIFIED ATHEROSCLEROSIS",TRUE,"ATHEROSCLEROSIS"
"182","CHOL","Z8342","FAMILY HISTORY OF FAMILIAL HYPERCHOLESTEROLEMIA",TRUE,"HYPERCHOLESTEROLEMIA"
"183","CREAT_C","E0821","DIABETES MELLITUS DUE TO UNDERLYING CONDITION WITH DIABETIC NEPHROPATHY",TRUE,"NEPHROPATHY"
"184","CREAT_C","I120","HYPERTENSIVE CHRONIC KIDNEY DISEASE WITH STAGE 5 CHRONIC KIDNEY DISEASE OR END STAGE RENAL DISEASE",TRUE,"END.*STAGE.*RENAL.*DISEASE; CHRONIC.*KIDNEY.*DISEASE.*STAGE.*5; CHRONIC.*KIDNEY.*DISEASE.*STAGE.*5"
"185","CREAT_C","I129","HYPERTENSIVE CHRONIC KIDNEY DISEASE WITH STAGE 1 THROUGH STAGE 4 CHRONIC KIDNEY DISEASE, OR UNSPECIFIED CHRONIC KIDNEY DISEASE",TRUE,"CHRONIC.*KIDNEY.*DISEASE.*STAGE.*1; CHRONIC.*KIDNEY.*DISEASE.*STAGE.*4"
"186","CREAT_C","M3214","GLOMERULAR DISEASE IN SYSTEMIC LUPUS ERYTHEMATOSUS",TRUE,"GLOMERULAR.*DISEASE"
"187","CREAT_C","N141","Nephropathy induced by other drugs, medicaments and biological substances",TRUE,"NEPHROPATHY"
"188","CREAT_C","N170","ACUTE KIDNEY FAILURE WITH TUBULAR NECROSIS",TRUE,"KIDNEY.*FAILURE; ACUTE.*TUBULAR.*NECROSIS"
"189","CREAT_C","N179","ACUTE KIDNEY FAILURE, UNSPECIFIED",TRUE,"KIDNEY.*FAILURE"
"190","CREAT_C","N181","CHRONIC KIDNEY DISEASE, STAGE 1",TRUE,"CHRONIC.*KIDNEY.*DISEASE.*STAGE.*1"
"191","CREAT_C","N182","CHRONIC KIDNEY DISEASE, STAGE 2 (MILD)",TRUE,"CHRONIC.*KIDNEY.*DISEASE.*STAGE.*2; CHRONIC.*KIDNEY.*DISEASE.*MILD"
"192","CREAT_C","N1830","CHRONIC KIDNEY DISEASE, STAGE 3 UNSPECIFIED",TRUE,"CHRONIC.*KIDNEY.*DISEASE.*STAGE.*3"
"193","CREAT_C","N1830","Chronic kidney disease, stage 3 unspecified",TRUE,"CHRONIC.*KIDNEY.*DISEASE.*STAGE.*3"
"194","CREAT_C","N1831","CHRONIC KIDNEY DISEASE, STAGE 3A",TRUE,"CHRONIC.*KIDNEY.*DISEASE.*STAGE.*3"
"195","CREAT_C","N184","CHRONIC KIDNEY DISEASE, STAGE 4 (SEVERE)",TRUE,"CHRONIC.*KIDNEY.*DISEASE.*STAGE.*4; CHRONIC.*KIDNEY.*DISEASE.*SEVERE"
"196","CREAT_C","N185","CHRONIC KIDNEY DISEASE, STAGE 5",TRUE,"CHRONIC.*KIDNEY.*DISEASE.*STAGE.*5; CHRONIC.*KIDNEY.*DISEASE.*STAGE.*5"
"197","CREAT_C","N186","END STAGE RENAL DISEASE",TRUE,"END.*STAGE.*RENAL.*DISEASE"
"198","CREAT_C","N189","CHRONIC KIDNEY DISEASE, UNSPECIFIED",TRUE,"KIDNEY.*DISEASE; CHRONIC.*KIDNEY.*DISEASE"
"199","CRP","A0222","SALMONELLA PNEUMONIA",TRUE,"PNEUMONIA"
"200","CRP","A029","SALMONELLA INFECTION, UNSPECIFIED",TRUE,"INFECTION"
"201","CRP","A040","ENTEROPATHOGENIC ESCHERICHIA COLI INFECTION",TRUE,"INFECTION"
"202","CRP","A048","OTHER SPECIFIED BACTERIAL INTESTINAL INFECTIONS",TRUE,"INFECTION; BACTERIAL.*INFECTION"
"203","CRP","A049","BACTERIAL INTESTINAL INFECTION, UNSPECIFIED",TRUE,"INFECTION; BACTERIAL.*INFECTION"
"204","CRP","A084","VIRAL INTESTINAL INFECTION, UNSPECIFIED",TRUE,"INFECTION; VIRAL.*INFECTION"
"205","CRP","A09","INFECTIOUS GASTROENTERITIS AND COLITIS, UNSPECIFIED",TRUE,"COLITIS"
"206","CRP","A4101","SEPSIS DUE TO METHICILLIN SUSCEPTIBLE STAPHYLOCOCCUS AUREUS",TRUE,"SEPSIS"
"207","CRP","A419","SEPSIS, UNSPECIFIED ORGANISM",TRUE,"SEPSIS"
"208","CRP","A499","BACTERIAL INFECTION, UNSPECIFIED",TRUE,"INFECTION; BACTERIAL.*INFECTION"
"209","CRP","A549","GONOCOCCAL INFECTION, UNSPECIFIED",TRUE,"INFECTION"
"210","CRP","B09","UNSPECIFIED VIRAL INFECTION CHARACTERIZED BY SKIN AND MUCOUS MEMBRANE LESIONS",TRUE,"INFECTION; VIRAL.*INFECTION"
"211","CRP","B169","ACUTE HEPATITIS B WITHOUT DELTA-AGENT AND WITHOUT HEPATIC COMA",TRUE,"HEPATITIS"
"212","CRP","B1710","ACUTE HEPATITIS C WITHOUT HEPATIC COMA",TRUE,"HEPATITIS"
"213","CRP","B182","CHRONIC VIRAL HEPATITIS C",TRUE,"HEPATITIS"
"214","CRP","B189","CHRONIC VIRAL HEPATITIS, UNSPECIFIED",TRUE,"HEPATITIS"
"215","CRP","B1920","UNSPECIFIED VIRAL HEPATITIS C WITHOUT HEPATIC COMA",TRUE,"HEPATITIS"
"216","CRP","B348","OTHER VIRAL INFECTIONS OF UNSPECIFIED SITE",TRUE,"INFECTION; VIRAL.*INFECTION"
"217","CRP","B349","VIRAL INFECTION, UNSPECIFIED",TRUE,"INFECTION; VIRAL.*INFECTION"
"218","CRP","B9561","METHICILLIN SUSCEPTIBLE STAPHYLOCOCCUS AUREUS INFECTION AS THE CAUSE OF DISEASES CLASSIFIED ELSEWHERE",TRUE,"INFECTION"
"219","CRP","B9562","METHICILLIN RESISTANT STAPHYLOCOCCUS AUREUS INFECTION AS THE CAUSE OF DISEASES CLASSIFIED ELSEWHERE",TRUE,"INFECTION"
"220","CRP","E790","HYPERURICEMIA WITHOUT SIGNS OF INFLAMMATORY ARTHRITIS AND TOPHACEOUS DISEASE",TRUE,"ARTHRITIS; INFLAMMATORY.*DISEASE; INFLAMMATORY.*ARTHRITIS"
"221","CRP","G038","MENINGITIS DUE TO OTHER SPECIFIED CAUSES",TRUE,"MENINGITIS"
"222","CRP","G039","MENINGITIS, UNSPECIFIED",TRUE,"MENINGITIS"
"223","CRP","H6011","CELLULITIS OF RIGHT EXTERNAL EAR",TRUE,"CELLULITIS"
"224","CRP","I2102","ST ELEVATION (STEMI) MYOCARDIAL INFARCTION INVOLVING LEFT ANTERIOR DESCENDING CORONARY ARTERY",TRUE,"MYOCARDIAL.*INFARCTION"
"225","CRP","I2111","ST ELEVATION (STEMI) MYOCARDIAL INFARCTION INVOLVING RIGHT CORONARY ARTERY",TRUE,"MYOCARDIAL.*INFARCTION"
"226","CRP","I213","ST ELEVATION (STEMI) MYOCARDIAL INFARCTION OF UNSPECIFIED SITE",TRUE,"MYOCARDIAL.*INFARCTION"
"227","CRP","I214","NON-ST ELEVATION (NSTEMI) MYOCARDIAL INFARCTION",TRUE,"MYOCARDIAL.*INFARCTION"
"228","CRP","I219","ACUTE MYOCARDIAL INFARCTION, UNSPECIFIED",TRUE,"MYOCARDIAL.*INFARCTION"
"229","CRP","I38","ENDOCARDITIS, VALVE UNSPECIFIED",TRUE,"ENDOCARDITIS"
"230","CRP","I514","MYOCARDITIS, UNSPECIFIED",TRUE,"MYOCARDITIS"
"231","CRP","J0100","ACUTE MAXILLARY SINUSITIS, UNSPECIFIED",TRUE,"SINUSITIS"
"232","CRP","J0101","ACUTE RECURRENT MAXILLARY SINUSITIS",TRUE,"SINUSITIS"
"233","CRP","J0110","ACUTE FRONTAL SINUSITIS, UNSPECIFIED",TRUE,"SINUSITIS"
"234","CRP","J0111","ACUTE RECURRENT FRONTAL SINUSITIS",TRUE,"SINUSITIS"
"235","CRP","J0180","OTHER ACUTE SINUSITIS",TRUE,"SINUSITIS"
"236","CRP","J0190","ACUTE SINUSITIS, UNSPECIFIED",TRUE,"SINUSITIS"
"237","CRP","J069","ACUTE UPPER RESPIRATORY INFECTION, UNSPECIFIED",TRUE,"INFECTION"
"238","CRP","J123","HUMAN METAPNEUMOVIRUS PNEUMONIA",TRUE,"PNEUMONIA"
"239","CRP","J129","VIRAL PNEUMONIA, UNSPECIFIED",TRUE,"PNEUMONIA"
"240","CRP","J159","UNSPECIFIED BACTERIAL PNEUMONIA",TRUE,"PNEUMONIA"
"241","CRP","J180","BRONCHOPNEUMONIA, UNSPECIFIED ORGANISM",TRUE,"PNEUMONIA"
"242","CRP","J189","PNEUMONIA, UNSPECIFIED ORGANISM",TRUE,"PNEUMONIA"
"243","CRP","J200","ACUTE BRONCHITIS DUE TO MYCOPLASMA PNEUMONIAE",TRUE,"PNEUMONIA; BRONCHITIS"
"244","CRP","J208","ACUTE BRONCHITIS DUE TO OTHER SPECIFIED ORGANISMS",TRUE,"BRONCHITIS"
"245","CRP","J209","ACUTE BRONCHITIS, UNSPECIFIED",TRUE,"BRONCHITIS"
"246","CRP","J22","UNSPECIFIED ACUTE LOWER RESPIRATORY INFECTION",TRUE,"INFECTION"
"247","CRP","J320","CHRONIC MAXILLARY SINUSITIS",TRUE,"SINUSITIS"
"248","CRP","J321","CHRONIC FRONTAL SINUSITIS",TRUE,"SINUSITIS"
"249","CRP","J322","CHRONIC ETHMOIDAL SINUSITIS",TRUE,"SINUSITIS"
"250","CRP","J324","CHRONIC PANSINUSITIS",TRUE,"SINUSITIS"
"251","CRP","J328","OTHER CHRONIC SINUSITIS",TRUE,"SINUSITIS"
"252","CRP","J329","CHRONIC SINUSITIS, UNSPECIFIED",TRUE,"SINUSITIS"
"253","CRP","J40","BRONCHITIS, NOT SPECIFIED AS ACUTE OR CHRONIC",TRUE,"BRONCHITIS"
"254","CRP","J410","SIMPLE CHRONIC BRONCHITIS",TRUE,"BRONCHITIS"
"255","CRP","J411","MUCOPURULENT CHRONIC BRONCHITIS",TRUE,"BRONCHITIS"
"256","CRP","J418","MIXED SIMPLE AND MUCOPURULENT CHRONIC BRONCHITIS",TRUE,"BRONCHITIS"
"257","CRP","J42","UNSPECIFIED CHRONIC BRONCHITIS",TRUE,"BRONCHITIS"
"258","CRP","J84117","DESQUAMATIVE INTERSTITIAL PNEUMONIA",TRUE,"PNEUMONIA"
"259","CRP","K122","CELLULITIS AND ABSCESS OF MOUTH",TRUE,"CELLULITIS"
"260","CRP","K3530","ACUTE APPENDICITIS WITH LOCALIZED PERITONITIS, WITHOUT PERFORATION OR GANGRENE",TRUE,"APPENDICITIS"
"261","CRP","K3580","UNSPECIFIED ACUTE APPENDICITIS",TRUE,"APPENDICITIS"
"262","CRP","K35890","OTHER ACUTE APPENDICITIS WITHOUT PERFORATION OR GANGRENE",TRUE,"APPENDICITIS"
"263","CRP","K37","UNSPECIFIED APPENDICITIS",TRUE,"APPENDICITIS"
"264","CRP","K5100","ULCERATIVE (CHRONIC) PANCOLITIS WITHOUT COMPLICATIONS",TRUE,"COLITIS"
"265","CRP","K51011","ULCERATIVE (CHRONIC) PANCOLITIS WITH RECTAL BLEEDING",TRUE,"COLITIS"
"266","CRP","K51511","LEFT SIDED COLITIS WITH RECTAL BLEEDING",TRUE,"COLITIS"
"267","CRP","K51811","OTHER ULCERATIVE COLITIS WITH RECTAL BLEEDING",TRUE,"COLITIS"
"268","CRP","K5190","ULCERATIVE COLITIS, UNSPECIFIED, WITHOUT COMPLICATIONS",TRUE,"COLITIS"
"269","CRP","K51911","ULCERATIVE COLITIS, UNSPECIFIED WITH RECTAL BLEEDING",TRUE,"COLITIS"
"270","CRP","K521","TOXIC GASTROENTERITIS AND COLITIS",TRUE,"COLITIS"
"271","CRP","K5229","OTHER ALLERGIC AND DIETETIC GASTROENTERITIS AND COLITIS",TRUE,"COLITIS"
"272","CRP","K52831","COLLAGENOUS COLITIS",TRUE,"COLITIS"
"273","CRP","K52838","OTHER MICROSCOPIC COLITIS",TRUE,"COLITIS"
"274","CRP","K529","NONINFECTIVE GASTROENTERITIS AND COLITIS, UNSPECIFIED",TRUE,"COLITIS"
"275","CRP","K5732","DIVERTICULITIS OF LARGE INTESTINE WITHOUT PERFORATION OR ABSCESS WITHOUT BLEEDING",TRUE,"DIVERTICULITIS"
"276","CRP","K5733","DIVERTICULITIS OF LARGE INTESTINE WITHOUT PERFORATION OR ABSCESS WITH BLEEDING",TRUE,"DIVERTICULITIS"
"277","CRP","K5792","DIVERTICULITIS OF INTESTINE, PART UNSPECIFIED, WITHOUT PERFORATION OR ABSCESS WITHOUT BLEEDING",TRUE,"DIVERTICULITIS"
"278","CRP","K7010","ALCOHOLIC HEPATITIS WITHOUT ASCITES",TRUE,"HEPATITIS"
"279","CRP","K7581","NONALCOHOLIC STEATOHEPATITIS (NASH)",TRUE,"HEPATITIS"
"280","CRP","K759","INFLAMMATORY LIVER DISEASE, UNSPECIFIED",TRUE,"INFLAMMATORY.*DISEASE"
"281","CRP","K8000","CALCULUS OF GALLBLADDER WITH ACUTE CHOLECYSTITIS WITHOUT OBSTRUCTION",TRUE,"CHOLECYSTITIS"
"282","CRP","K8001","CALCULUS OF GALLBLADDER WITH ACUTE CHOLECYSTITIS WITH OBSTRUCTION",TRUE,"CHOLECYSTITIS"
"283","CRP","K8010","CALCULUS OF GALLBLADDER WITH CHRONIC CHOLECYSTITIS WITHOUT OBSTRUCTION",TRUE,"CHOLECYSTITIS"
"284","CRP","K8020","CALCULUS OF GALLBLADDER WITHOUT CHOLECYSTITIS WITHOUT OBSTRUCTION",TRUE,"CHOLECYSTITIS"
"285","CRP","K8021","CALCULUS OF GALLBLADDER WITHOUT CHOLECYSTITIS WITH OBSTRUCTION",TRUE,"CHOLECYSTITIS"
"286","CRP","K8050","CALCULUS OF BILE DUCT WITHOUT CHOLANGITIS OR CHOLECYSTITIS WITHOUT OBSTRUCTION",TRUE,"CHOLECYSTITIS"
"287","CRP","K810","ACUTE CHOLECYSTITIS",TRUE,"CHOLECYSTITIS"
"288","CRP","K811","CHRONIC CHOLECYSTITIS",TRUE,"CHOLECYSTITIS"
"289","CRP","K819","CHOLECYSTITIS, UNSPECIFIED",TRUE,"CHOLECYSTITIS"
"290","CRP","K8500","IDIOPATHIC ACUTE PANCREATITIS WITHOUT NECROSIS OR INFECTION",TRUE,"INFECTION"
"291","CRP","K8510","BILIARY ACUTE PANCREATITIS WITHOUT NECROSIS OR INFECTION",TRUE,"INFECTION"
"292","CRP","K8520","ALCOHOL INDUCED ACUTE PANCREATITIS WITHOUT NECROSIS OR INFECTION",TRUE,"INFECTION"
"293","CRP","K8590","ACUTE PANCREATITIS WITHOUT NECROSIS OR INFECTION, UNSPECIFIED",TRUE,"INFECTION"
"294","CRP","K860","ALCOHOL-INDUCED CHRONIC PANCREATITIS",TRUE,"PANCREATITIS"
"295","CRP","K861","OTHER CHRONIC PANCREATITIS",TRUE,"PANCREATITIS"
"296","CRP","L03011","CELLULITIS OF RIGHT FINGER",TRUE,"CELLULITIS"
"297","CRP","L03012","CELLULITIS OF LEFT FINGER",TRUE,"CELLULITIS"
"298","CRP","L03019","CELLULITIS OF UNSPECIFIED FINGER",TRUE,"CELLULITIS"
"299","CRP","L03031","CELLULITIS OF RIGHT TOE",TRUE,"CELLULITIS"
"300","CRP","L03032","CELLULITIS OF LEFT TOE",TRUE,"CELLULITIS"
"301","CRP","L03111","CELLULITIS OF RIGHT AXILLA",TRUE,"CELLULITIS"
"302","CRP","L03112","CELLULITIS OF LEFT AXILLA",TRUE,"CELLULITIS"
"303","CRP","L03113","CELLULITIS OF RIGHT UPPER LIMB",TRUE,"CELLULITIS"
"304","CRP","L03114","CELLULITIS OF LEFT UPPER LIMB",TRUE,"CELLULITIS"
"305","CRP","L03115","CELLULITIS OF RIGHT LOWER LIMB",TRUE,"CELLULITIS"
"306","CRP","L03116","CELLULITIS OF LEFT LOWER LIMB",TRUE,"CELLULITIS"
"307","CRP","L03119","CELLULITIS OF UNSPECIFIED PART OF LIMB",TRUE,"CELLULITIS"
"308","CRP","L03211","CELLULITIS OF FACE",TRUE,"CELLULITIS"
"309","CRP","L03213","PERIORBITAL CELLULITIS",TRUE,"CELLULITIS"
"310","CRP","L03221","CELLULITIS OF NECK",TRUE,"CELLULITIS"
"311","CRP","L03311","CELLULITIS OF ABDOMINAL WALL",TRUE,"CELLULITIS"
"312","CRP","L03312","CELLULITIS OF BACK [ANY PART EXCEPT BUTTOCK]",TRUE,"CELLULITIS"
"313","CRP","L03314","CELLULITIS OF GROIN",TRUE,"CELLULITIS"
"314","CRP","L03317","CELLULITIS OF BUTTOCK",TRUE,"CELLULITIS"
"315","CRP","L03319","CELLULITIS OF TRUNK, UNSPECIFIED",TRUE,"CELLULITIS"
"316","CRP","L03811","CELLULITIS OF HEAD [ANY PART, EXCEPT FACE]",TRUE,"CELLULITIS"
"317","CRP","L03818","CELLULITIS OF OTHER SITES",TRUE,"CELLULITIS"
"318","CRP","L0390","CELLULITIS, UNSPECIFIED",TRUE,"CELLULITIS"
"319","CRP","L401","GENERALIZED PUSTULAR PSORIASIS",TRUE,"PSORIASIS"
"320","CRP","L4050","ARTHROPATHIC PSORIASIS, UNSPECIFIED",TRUE,"PSORIASIS"
"321","CRP","L408","OTHER PSORIASIS",TRUE,"PSORIASIS"
"322","CRP","L409","PSORIASIS, UNSPECIFIED",TRUE,"PSORIASIS"
"323","CRP","L930","DISCOID LUPUS ERYTHEMATOSUS",TRUE,"LUPUS"
"324","CRP","L932","OTHER LOCAL LUPUS ERYTHEMATOSUS",TRUE,"LUPUS"
"325","CRP","M00061","STAPHYLOCOCCAL ARTHRITIS, RIGHT KNEE",TRUE,"ARTHRITIS"
"326","CRP","M00862","ARTHRITIS DUE TO OTHER BACTERIA, LEFT KNEE",TRUE,"ARTHRITIS"
"327","CRP","M01X9","DIRECT INFECTION OF MULTIPLE JOINTS IN INFECTIOUS AND PARASITIC DISEASES CLASSIFIED ELSEWHERE",TRUE,"INFECTION"
"328","CRP","M05741","RHEUMATOID ARTHRITIS WITH RHEUMATOID FACTOR OF RIGHT HAND WITHOUT ORGAN OR SYSTEMS INVOLVEMENT",TRUE,"RHEUMATOID.*ARTHRITIS; ARTHRITIS"
"329","CRP","M05742","RHEUMATOID ARTHRITIS WITH RHEUMATOID FACTOR OF LEFT HAND WITHOUT ORGAN OR SYSTEMS INVOLVEMENT",TRUE,"RHEUMATOID.*ARTHRITIS; ARTHRITIS"
"330","CRP","M0579","RHEUMATOID ARTHRITIS WITH RHEUMATOID FACTOR OF MULTIPLE SITES WITHOUT ORGAN OR SYSTEMS INVOLVEMENT",TRUE,"RHEUMATOID.*ARTHRITIS; ARTHRITIS"
"331","CRP","M059","RHEUMATOID ARTHRITIS WITH RHEUMATOID FACTOR, UNSPECIFIED",TRUE,"RHEUMATOID.*ARTHRITIS; ARTHRITIS"
"332","CRP","M0600","RHEUMATOID ARTHRITIS WITHOUT RHEUMATOID FACTOR, UNSPECIFIED SITE",TRUE,"RHEUMATOID.*ARTHRITIS; ARTHRITIS"
"333","CRP","M069","RHEUMATOID ARTHRITIS, UNSPECIFIED",TRUE,"RHEUMATOID.*ARTHRITIS; ARTHRITIS"
"334","CRP","M130","POLYARTHRITIS, UNSPECIFIED",TRUE,"ARTHRITIS"
"335","CRP","M150","PRIMARY GENERALIZED (OSTEO)ARTHRITIS",TRUE,"ARTHRITIS"
"336","CRP","M158","OTHER POLYOSTEOARTHRITIS",TRUE,"ARTHRITIS"
"337","CRP","M159","POLYOSTEOARTHRITIS, UNSPECIFIED",TRUE,"ARTHRITIS"
"338","CRP","M160","BILATERAL PRIMARY OSTEOARTHRITIS OF HIP",TRUE,"ARTHRITIS"
"339","CRP","M1610","UNILATERAL PRIMARY OSTEOARTHRITIS, UNSPECIFIED HIP",TRUE,"ARTHRITIS"
"340","CRP","M1611","UNILATERAL PRIMARY OSTEOARTHRITIS, RIGHT HIP",TRUE,"ARTHRITIS"
"341","CRP","M1612","UNILATERAL PRIMARY OSTEOARTHRITIS, LEFT HIP",TRUE,"ARTHRITIS"
"342","CRP","M166","OTHER BILATERAL SECONDARY OSTEOARTHRITIS OF HIP",TRUE,"ARTHRITIS"
"343","CRP","M169","OSTEOARTHRITIS OF HIP, UNSPECIFIED",TRUE,"ARTHRITIS"
"344","CRP","M170","BILATERAL PRIMARY OSTEOARTHRITIS OF KNEE",TRUE,"ARTHRITIS"
"345","CRP","M1710","UNILATERAL PRIMARY OSTEOARTHRITIS, UNSPECIFIED KNEE",TRUE,"ARTHRITIS"
"346","CRP","M1711","UNILATERAL PRIMARY OSTEOARTHRITIS, RIGHT KNEE",TRUE,"ARTHRITIS"
"347","CRP","M1712","UNILATERAL PRIMARY OSTEOARTHRITIS, LEFT KNEE",TRUE,"ARTHRITIS"
"348","CRP","M172","BILATERAL POST-TRAUMATIC OSTEOARTHRITIS OF KNEE",TRUE,"ARTHRITIS; TRAUMA"
"349","CRP","M174","OTHER BILATERAL SECONDARY OSTEOARTHRITIS OF KNEE",TRUE,"ARTHRITIS"
"350","CRP","M175","OTHER UNILATERAL SECONDARY OSTEOARTHRITIS OF KNEE",TRUE,"ARTHRITIS"
"351","CRP","M180","BILATERAL PRIMARY OSTEOARTHRITIS OF FIRST CARPOMETACARPAL JOINTS",TRUE,"ARTHRITIS"
"352","CRP","M1811","UNILATERAL PRIMARY OSTEOARTHRITIS OF FIRST CARPOMETACARPAL JOINT, RIGHT HAND",TRUE,"ARTHRITIS"
"353","CRP","M1812","UNILATERAL PRIMARY OSTEOARTHRITIS OF FIRST CARPOMETACARPAL JOINT, LEFT HAND",TRUE,"ARTHRITIS"
"354","CRP","M19011","PRIMARY OSTEOARTHRITIS, RIGHT SHOULDER",TRUE,"ARTHRITIS"
"355","CRP","M19012","PRIMARY OSTEOARTHRITIS, LEFT SHOULDER",TRUE,"ARTHRITIS"
"356","CRP","M19019","PRIMARY OSTEOARTHRITIS, UNSPECIFIED SHOULDER",TRUE,"ARTHRITIS"
"357","CRP","M19022","PRIMARY OSTEOARTHRITIS, LEFT ELBOW",TRUE,"ARTHRITIS"
"358","CRP","M19032","PRIMARY OSTEOARTHRITIS, LEFT WRIST",TRUE,"ARTHRITIS"
"359","CRP","M19041","PRIMARY OSTEOARTHRITIS, RIGHT HAND",TRUE,"ARTHRITIS"
"360","CRP","M19042","PRIMARY OSTEOARTHRITIS, LEFT HAND",TRUE,"ARTHRITIS"
"361","CRP","M19049","PRIMARY OSTEOARTHRITIS, UNSPECIFIED HAND",TRUE,"ARTHRITIS"
"362","CRP","M19071","PRIMARY OSTEOARTHRITIS, RIGHT ANKLE AND FOOT",TRUE,"ARTHRITIS"
"363","CRP","M19072","PRIMARY OSTEOARTHRITIS, LEFT ANKLE AND FOOT",TRUE,"ARTHRITIS"
"364","CRP","M19079","PRIMARY OSTEOARTHRITIS, UNSPECIFIED ANKLE AND FOOT",TRUE,"ARTHRITIS"
"365","CRP","M19111","POST-TRAUMATIC OSTEOARTHRITIS, RIGHT SHOULDER",TRUE,"ARTHRITIS; TRAUMA"
"366","CRP","M19141","POST-TRAUMATIC OSTEOARTHRITIS, RIGHT HAND",TRUE,"ARTHRITIS; TRAUMA"
"367","CRP","M19142","POST-TRAUMATIC OSTEOARTHRITIS, LEFT HAND",TRUE,"ARTHRITIS; TRAUMA"
"368","CRP","M1990","UNSPECIFIED OSTEOARTHRITIS, UNSPECIFIED SITE",TRUE,"ARTHRITIS"
"369","CRP","M316","OTHER GIANT CELL ARTERITIS",TRUE,"GIANT.*CELL.*ARTERITIS"
"370","CRP","M320","DRUG-INDUCED SYSTEMIC LUPUS ERYTHEMATOSUS",TRUE,"LUPUS; LUPUS.*ERYTHEMATOSUS"
"371","CRP","M3210","SYSTEMIC LUPUS ERYTHEMATOSUS, ORGAN OR SYSTEM INVOLVEMENT UNSPECIFIED",TRUE,"LUPUS; LUPUS.*ERYTHEMATOSUS"
"372","CRP","M3212","PERICARDITIS IN SYSTEMIC LUPUS ERYTHEMATOSUS",TRUE,"LUPUS; PERICARDITIS; LUPUS.*ERYTHEMATOSUS"
"373","CRP","M3213","LUNG INVOLVEMENT IN SYSTEMIC LUPUS ERYTHEMATOSUS",TRUE,"LUPUS; LUPUS.*ERYTHEMATOSUS"
"374","CRP","M3214","GLOMERULAR DISEASE IN SYSTEMIC LUPUS ERYTHEMATOSUS",TRUE,"LUPUS; LUPUS.*ERYTHEMATOSUS"
"375","CRP","M3219","OTHER ORGAN OR SYSTEM INVOLVEMENT IN SYSTEMIC LUPUS ERYTHEMATOSUS",TRUE,"LUPUS; LUPUS.*ERYTHEMATOSUS"
"376","CRP","M329","SYSTEMIC LUPUS ERYTHEMATOSUS, UNSPECIFIED",TRUE,"LUPUS; LUPUS.*ERYTHEMATOSUS"
"377","CRP","M353","POLYMYALGIA RHEUMATICA",TRUE,"POLYMYALGIA.*RHEUMATICA"
"378","CRP","M450","ANKYLOSING SPONDYLITIS OF MULTIPLE SITES IN SPINE",TRUE,"ANKYLOSING.*SPONDYLITIS"
"379","CRP","M453","ANKYLOSING SPONDYLITIS OF CERVICOTHORACIC REGION",TRUE,"ANKYLOSING.*SPONDYLITIS"
"380","CRP","M457","ANKYLOSING SPONDYLITIS OF LUMBOSACRAL REGION",TRUE,"ANKYLOSING.*SPONDYLITIS"
"381","CRP","M459","ANKYLOSING SPONDYLITIS OF UNSPECIFIED SITES IN SPINE",TRUE,"ANKYLOSING.*SPONDYLITIS"
"382","CRP","M6208","SEPARATION OF MUSCLE (NONTRAUMATIC), OTHER SITE",TRUE,"TRAUMA"
"383","CRP","M86172","OTHER ACUTE OSTEOMYELITIS, LEFT ANKLE AND FOOT",TRUE,"OSTEOMYELITIS"
"384","CRP","M86179","OTHER ACUTE OSTEOMYELITIS, UNSPECIFIED ANKLE AND FOOT",TRUE,"OSTEOMYELITIS"
"385","CRP","M869","OSTEOMYELITIS, UNSPECIFIED",TRUE,"OSTEOMYELITIS"
"386","CRP","N10","ACUTE PYELONEPHRITIS",TRUE,"PYELONEPHRITIS"
"387","CRP","N390","URINARY TRACT INFECTION, SITE NOT SPECIFIED",TRUE,"INFECTION"
"388","CRP","N419","INFLAMMATORY DISEASE OF PROSTATE, UNSPECIFIED",TRUE,"INFLAMMATORY.*DISEASE"
"389","CRP","N72","INFLAMMATORY DISEASE OF CERVIX UTERI",TRUE,"INFLAMMATORY.*DISEASE"
"390","CRP","N730","ACUTE PARAMETRITIS AND PELVIC CELLULITIS",TRUE,"CELLULITIS"
"391","CRP","N739","FEMALE PELVIC INFLAMMATORY DISEASE, UNSPECIFIED",TRUE,"INFLAMMATORY.*DISEASE"
"392","CRP","O2341","UNSPECIFIED INFECTION OF URINARY TRACT IN PREGNANCY, FIRST TRIMESTER",TRUE,"INFECTION"
"393","CRP","O2343","UNSPECIFIED INFECTION OF URINARY TRACT IN PREGNANCY, THIRD TRIMESTER",TRUE,"INFECTION"
"394","CRP","O98413","VIRAL HEPATITIS COMPLICATING PREGNANCY, THIRD TRIMESTER",TRUE,"HEPATITIS"
"395","CRP","R6520","SEVERE SEPSIS WITHOUT SEPTIC SHOCK",TRUE,"SEPSIS"
"396","CRP","R7982","ELEVATED C-REACTIVE PROTEIN (CRP)",TRUE,"ELEVATED.*CRP"
"397","CRP","S025XXS","FRACTURE OF TOOTH (TRAUMATIC), SEQUELA",TRUE,"TRAUMA"
"398","CRP","S06350D","TRAUMATIC HEMORRHAGE OF LEFT CEREBRUM WITHOUT LOSS OF CONSCIOUSNESS, SUBSEQUENT ENCOUNTER",TRUE,"TRAUMA"
"399","CRP","S066X9A","TRAUMATIC SUBARACHNOID HEMORRHAGE WITH LOSS OF CONSCIOUSNESS OF UNSPECIFIED DURATION, INITIAL ENCOUNTER",TRUE,"TRAUMA"
"400","CRP","S68117A","COMPLETE TRAUMATIC METACARPOPHALANGEAL AMPUTATION OF LEFT LITTLE FINGER, INITIAL ENCOUNTER",TRUE,"TRAUMA"
"401","CRP","S88111D","COMPLETE TRAUMATIC AMPUTATION AT LEVEL BETWEEN KNEE AND ANKLE, RIGHT LOWER LEG, SUBSEQUENT ENCOUNTER",TRUE,"TRAUMA"
"402","CRP","S98112A","COMPLETE TRAUMATIC AMPUTATION OF LEFT GREAT TOE, INITIAL ENCOUNTER",TRUE,"TRAUMA"
"403","CRP","T6701XD","HEATSTROKE AND SUNSTROKE, SUBSEQUENT ENCOUNTER",TRUE,"STROKE"
"404","CRP","T796XXD","TRAUMATIC ISCHEMIA OF MUSCLE, SUBSEQUENT ENCOUNTER",TRUE,"TRAUMA"
"405","CRP","T79A12D","TRAUMATIC COMPARTMENT SYNDROME OF LEFT UPPER EXTREMITY, SUBSEQUENT ENCOUNTER",TRUE,"TRAUMA"
"406","CRP","T79A12S","TRAUMATIC COMPARTMENT SYNDROME OF LEFT UPPER EXTREMITY, SEQUELA",TRUE,"TRAUMA"
"407","CRP","T79A22S","TRAUMATIC COMPARTMENT SYNDROME OF LEFT LOWER EXTREMITY, SEQUELA",TRUE,"TRAUMA"
"408","CRP","T80219A","UNSPECIFIED INFECTION DUE TO CENTRAL VENOUS CATHETER, INITIAL ENCOUNTER",TRUE,"INFECTION"
"409","CRP","T8149XA","INFECTION FOLLOWING A PROCEDURE, OTHER SURGICAL SITE, INITIAL ENCOUNTER",TRUE,"INFECTION"
"410","CRP","T826XXD","INFECTION AND INFLAMMATORY REACTION DUE TO CARDIAC VALVE PROSTHESIS, SUBSEQUENT ENCOUNTER",TRUE,"INFECTION"
"411","HCST","D510","VITAMIN B12 DEFICIENCY ANEMIA DUE TO INTRINSIC FACTOR DEFICIENCY",TRUE,"VITAMIN.*DEFICIENCY; VITAMIN.*B12.*DEFICIENCY"
"412","HCST","D519","VITAMIN B12 DEFICIENCY ANEMIA, UNSPECIFIED",TRUE,"VITAMIN.*DEFICIENCY; VITAMIN.*B12.*DEFICIENCY; VITAMIN.*B12.*DEFICIENCY.*UNSPECIFIED"
"413","HCST","E539","VITAMIN B DEFICIENCY, UNSPECIFIED",TRUE,"VITAMIN.*DEFICIENCY"
"414","HCST","E559","VITAMIN D DEFICIENCY, UNSPECIFIED",TRUE,"VITAMIN.*DEFICIENCY"
"415","HCST","E569","VITAMIN DEFICIENCY, UNSPECIFIED",TRUE,"VITAMIN.*DEFICIENCY"
"416","HCST","E889","METABOLIC DISORDER, UNSPECIFIED",TRUE,"METABOLIC.*DISORDER"
"417","HCST","Z13228","ENCOUNTER FOR SCREENING FOR OTHER METABOLIC DISORDERS",TRUE,"METABOLIC.*DISORDER"
"418","TRIG","E782","MIXED HYPERLIPIDEMIA",TRUE,"HYPERLIPIDEMIA"
"419","TRIG","E7849","OTHER HYPERLIPIDEMIA",TRUE,"HYPERLIPIDEMIA"
"420","TRIG","E785","HYPERLIPIDEMIA, UNSPECIFIED",TRUE,"HYPERLIPIDEMIA"
"421","TRIG","E8881","Metabolic syndrome and other insulin resistance",TRUE,"METABOLIC.*SYNDROME"
